DateTime,Battery,Heading,Pitch,Roll,Pressure,Temperature,AnalogIn1,AnalogIn2,Speed#1(1.5m),Dir#1(1.5m),Speed#2(2.5m),Dir#2(2.5m),Speed#3(3.5m),Dir#3(3.5m),Speed#4(4.5m),Dir#4(4.5m),Speed#5(5.5m),Dir#5(5.5m),Speed#6(6.5m),Dir#6(6.5m),Speed#7(7.5m),Dir#7(7.5m),Speed#8(8.5m),Dir#8(8.5m),Speed#9(9.5m),Dir#9(9.5m),Speed#10(10.5m),Dir#10(10.5m),Speed#11(11.5m),Dir#11(11.5m),Speed#12(12.5m),Dir#12(12.5m),Speed#13(13.5m),Dir#13(13.5m),Speed#14(14.5m),Dir#14(14.5m),Speed#15(15.5m),Dir#15(15.5m),Speed#16(16.5m),Dir#16(16.5m),Speed#17(17.5m),Dir#17(17.5m),Speed#18(18.5m),Dir#18(18.5m),Speed#19(19.5m),Dir#19(19.5m),Speed#20(20.5m),Dir#20(20.5m),
8/9/2016 15:00:00, 11.9, 11.9,-50.0,-48.8,  0.000, 26.40,  0.0,  0.0,-99.000, -99.00,-99.000, -99.00,-99.000, -99.00,-99.000, -99.00,-99.000, -99.00,-99.000, -99.00,-99.000, -99.00,-99.000, -99.00,-99.000, -99.00,-99.000, -99.00,-99.000, -99.00,-99.000, -99.00,-99.000, -99.00,-99.000, -99.00,-99.000, -99.00,-99.000, -99.00,-99.000, -99.00,-99.000, -99.00,-99.000, -99.00,-99.000, -99.00,
8/9/2016 15:01:00, 11.9,339.7,-50.0,-48.8,  0.000, 26.58,  0.0,  0.0,-99.000, -99.00,-99.000, -99.00,-99.000, -99.00,-99.000, -99.00,-99.000, -99.00,-99.000, -99.00,-99.000, -99.00,-99.000, -99.00,-99.000, -99.00,-99.000, -99.00,-99.000, -99.00,-99.000, -99.00,-99.000, -99.00,-99.000, -99.00,-99.000, -99.00,-99.000, -99.00,-99.000, -99.00,-99.000, -99.00,-99.000, -99.00,-99.000, -99.00,
8/9/2016 15:02:00, 11.9,305.8,-50.0,-48.8,  0.000, 26.76,  0.0,  0.0,-99.000, -99.00,-99.000, -99.00,-99.000, -99.00,-99.000, -99.00,-99.000, -99.00,-99.000, -99.00,-99.000, -99.00,-99.000, -99.00,-99.000, -99.00,-99.000, -99.00,-99.000, -99.00,-99.000, -99.00,-99.000, -99.00,-99.000, -99.00,-99.000, -99.00,-99.000, -99.00,-99.000, -99.00,-99.000, -99.00,-99.000, -99.00,-99.000, -99.00,
8/9/2016 15:03:00, 11.9,268.3,-50.0,-48.8,  0.000, 26.93,  0.0,  0.0,-99.000, -99.00,-99.000, -99.00,-99.000, -99.00,-99.000, -99.00,-99.000, -99.00,-99.000, -99.00,-99.000, -99.00,-99.000, -99.00,-99.000, -99.00,-99.000, -99.00,-99.000, -99.00,-99.000, -99.00,-99.000, -99.00,-99.000, -99.00,-99.000, -99.00,-99.000, -99.00,-99.000, -99.00,-99.000, -99.00,-99.000, -99.00,-99.000, -99.00,
8/9/2016 15:04:00, 11.9,329.3,-50.0,-48.8,  0.000, 27.09,  0.0,  0.0,-99.000, -99.00,-99.000, -99.00,-99.000, -99.00,-99.000, -99.00,-99.000, -99.00,-99.000, -99.00,-99.000, -99.00,-99.000, -99.00,-99.000, -99.00,-99.000, -99.00,-99.000, -99.00,-99.000, -99.00,-99.000, -99.00,-99.000, -99.00,-99.000, -99.00,-99.000, -99.00,-99.000, -99.00,-99.000, -99.00,-99.000, -99.00,-99.000, -99.00,
8/9/2016 15:05:00, 11.9, 41.4,-50.0,-48.9,  0.000, 27.23,  0.0,  0.0,-99.000, -99.00,-99.000, -99.00,-99.000, -99.00,-99.000, -99.00,-99.000, -99.00,-99.000, -99.00,-99.000, -99.00,-99.000, -99.00,-99.000, -99.00,-99.000, -99.00,-99.000, -99.00,-99.000, -99.00,-99.000, -99.00,-99.000, -99.00,-99.000, -99.00,-99.000, -99.00,-99.000, -99.00,-99.000, -99.00,-99.000, -99.00,-99.000, -99.00,
8/9/2016 15:06:00, 11.9,164.8,-50.0,-48.9,  0.000, 27.36,  0.0,  0.0,-99.000, -99.00,-99.000, -99.00,-99.000, -99.00,-99.000, -99.00,-99.000, -99.00,-99.000, -99.00,-99.000, -99.00,-99.000, -99.00,-99.000, -99.00,-99.000, -99.00,-99.000, -99.00,-99.000, -99.00,-99.000, -99.00,-99.000, -99.00,-99.000, -99.00,-99.000, -99.00,-99.000, -99.00,-99.000, -99.00,-99.000, -99.00,-99.000, -99.00,
8/9/2016 15:07:00, 11.9,194.5,-50.0,-48.9,  0.000, 27.49,  0.0,  0.0,-99.000, -99.00,-99.000, -99.00,-99.000, -99.00,-99.000, -99.00,-99.000, -99.00,-99.000, -99.00,-99.000, -99.00,-99.000, -99.00,-99.000, -99.00,-99.000, -99.00,-99.000, -99.00,-99.000, -99.00,-99.000, -99.00,-99.000, -99.00,-99.000, -99.00,-99.000, -99.00,-99.000, -99.00,-99.000, -99.00,-99.000, -99.00,-99.000, -99.00,
8/9/2016 15:08:00, 11.9,197.3,-50.0,-48.9,  0.000, 27.60,  0.0,  0.0,-99.000, -99.00,-99.000, -99.00,-99.000, -99.00,-99.000, -99.00,-99.000, -99.00,-99.000, -99.00,-99.000, -99.00,-99.000, -99.00,-99.000, -99.00,-99.000, -99.00,-99.000, -99.00,-99.000, -99.00,-99.000, -99.00,-99.000, -99.00,-99.000, -99.00,-99.000, -99.00,-99.000, -99.00,-99.000, -99.00,-99.000, -99.00,-99.000, -99.00,
8/9/2016 15:09:00, 11.9,196.5,-50.0,-48.9,  0.000, 27.72,  0.0,  0.0,-99.000, -99.00,-99.000, -99.00,-99.000, -99.00,-99.000, -99.00,-99.000, -99.00,-99.000, -99.00,-99.000, -99.00,-99.000, -99.00,-99.000, -99.00,-99.000, -99.00,-99.000, -99.00,-99.000, -99.00,-99.000, -99.00,-99.000, -99.00,-99.000, -99.00,-99.000, -99.00,-99.000, -99.00,-99.000, -99.00,-99.000, -99.00,-99.000, -99.00,
8/9/2016 15:10:00, 11.9,197.2,-50.0,-48.9,  0.000, 27.83,  0.0,  0.0,-99.000, -99.00,-99.000, -99.00,-99.000, -99.00,-99.000, -99.00,-99.000, -99.00,-99.000, -99.00,-99.000, -99.00,-99.000, -99.00,-99.000, -99.00,-99.000, -99.00,-99.000, -99.00,-99.000, -99.00,-99.000, -99.00,-99.000, -99.00,-99.000, -99.00,-99.000, -99.00,-99.000, -99.00,-99.000, -99.00,-99.000, -99.00,-99.000, -99.00,
8/9/2016 15:11:00, 11.9,195.6,-50.0,-48.9,  0.000, 27.94,  0.0,  0.0,-99.000, -99.00,-99.000, -99.00,-99.000, -99.00,-99.000, -99.00,-99.000, -99.00,-99.000, -99.00,-99.000, -99.00,-99.000, -99.00,-99.000, -99.00,-99.000, -99.00,-99.000, -99.00,-99.000, -99.00,-99.000, -99.00,-99.000, -99.00,-99.000, -99.00,-99.000, -99.00,-99.000, -99.00,-99.000, -99.00,-99.000, -99.00,-99.000, -99.00,
8/9/2016 15:12:00, 11.9,196.5,-50.0,-48.9,  0.000, 28.06,  0.0,  0.0,-99.000, -99.00,-99.000, -99.00,-99.000, -99.00,-99.000, -99.00,-99.000, -99.00,-99.000, -99.00,-99.000, -99.00,-99.000, -99.00,-99.000, -99.00,-99.000, -99.00,-99.000, -99.00,-99.000, -99.00,-99.000, -99.00,-99.000, -99.00,-99.000, -99.00,-99.000, -99.00,-99.000, -99.00,-99.000, -99.00,-99.000, -99.00,-99.000, -99.00,
8/9/2016 15:13:00, 11.9,195.6,-50.0,-48.9,  0.000, 28.17,  0.0,  0.0,-99.000, -99.00,-99.000, -99.00,-99.000, -99.00,-99.000, -99.00,-99.000, -99.00,-99.000, -99.00,-99.000, -99.00,-99.000, -99.00,-99.000, -99.00,-99.000, -99.00,-99.000, -99.00,-99.000, -99.00,-99.000, -99.00,-99.000, -99.00,-99.000, -99.00,-99.000, -99.00,-99.000, -99.00,-99.000, -99.00,-99.000, -99.00,-99.000, -99.00,
8/9/2016 15:14:00, 11.9,196.3,-50.0,-48.9,  0.000, 28.28,  0.0,  0.0,-99.000, -99.00,-99.000, -99.00,-99.000, -99.00,-99.000, -99.00,-99.000, -99.00,-99.000, -99.00,-99.000, -99.00,-99.000, -99.00,-99.000, -99.00,-99.000, -99.00,-99.000, -99.00,-99.000, -99.00,-99.000, -99.00,-99.000, -99.00,-99.000, -99.00,-99.000, -99.00,-99.000, -99.00,-99.000, -99.00,-99.000, -99.00,-99.000, -99.00,
8/9/2016 15:15:00, 11.9,194.8,-50.0,-48.9,  0.000, 28.40,  0.0,  0.0,-99.000, -99.00,-99.000, -99.00,-99.000, -99.00,-99.000, -99.00,-99.000, -99.00,-99.000, -99.00,-99.000, -99.00,-99.000, -99.00,-99.000, -99.00,-99.000, -99.00,-99.000, -99.00,-99.000, -99.00,-99.000, -99.00,-99.000, -99.00,-99.000, -99.00,-99.000, -99.00,-99.000, -99.00,-99.000, -99.00,-99.000, -99.00,-99.000, -99.00,
8/9/2016 15:16:00, 11.9,194.6,-50.0,-48.9,  0.000, 28.51,  0.0,  0.0,-99.000, -99.00,-99.000, -99.00,-99.000, -99.00,-99.000, -99.00,-99.000, -99.00,-99.000, -99.00,-99.000, -99.00,-99.000, -99.00,-99.000, -99.00,-99.000, -99.00,-99.000, -99.00,-99.000, -99.00,-99.000, -99.00,-99.000, -99.00,-99.000, -99.00,-99.000, -99.00,-99.000, -99.00,-99.000, -99.00,-99.000, -99.00,-99.000, -99.00,
8/9/2016 15:17:00, 11.9,196.5,-50.0,-48.9,  0.000, 28.62,  0.0,  0.0,-99.000, -99.00,-99.000, -99.00,-99.000, -99.00,-99.000, -99.00,-99.000, -99.00,-99.000, -99.00,-99.000, -99.00,-99.000, -99.00,-99.000, -99.00,-99.000, -99.00,-99.000, -99.00,-99.000, -99.00,-99.000, -99.00,-99.000, -99.00,-99.000, -99.00,-99.000, -99.00,-99.000, -99.00,-99.000, -99.00,-99.000, -99.00,-99.000, -99.00,
8/9/2016 15:18:00, 11.9,203.1,-50.0,-48.9,  0.000, 28.73,  0.0,  0.0,-99.000, -99.00,-99.000, -99.00,-99.000, -99.00,-99.000, -99.00,-99.000, -99.00,-99.000, -99.00,-99.000, -99.00,-99.000, -99.00,-99.000, -99.00,-99.000, -99.00,-99.000, -99.00,-99.000, -99.00,-99.000, -99.00,-99.000, -99.00,-99.000, -99.00,-99.000, -99.00,-99.000, -99.00,-99.000, -99.00,-99.000, -99.00,-99.000, -99.00,
8/9/2016 15:19:00, 11.9,194.3,-50.0,-48.9,  0.000, 28.84,  0.0,  0.0,-99.000, -99.00,-99.000, -99.00,-99.000, -99.00,-99.000, -99.00,-99.000, -99.00,-99.000, -99.00,-99.000, -99.00,-99.000, -99.00,-99.000, -99.00,-99.000, -99.00,-99.000, -99.00,-99.000, -99.00,-99.000, -99.00,-99.000, -99.00,-99.000, -99.00,-99.000, -99.00,-99.000, -99.00,-99.000, -99.00,-99.000, -99.00,-99.000, -99.00,
8/9/2016 15:20:00, 11.9,194.8,-50.0,-48.9,  0.000, 28.95,  0.0,  0.0,-99.000, -99.00,-99.000, -99.00,-99.000, -99.00,-99.000, -99.00,-99.000, -99.00,-99.000, -99.00,-99.000, -99.00,-99.000, -99.00,-99.000, -99.00,-99.000, -99.00,-99.000, -99.00,-99.000, -99.00,-99.000, -99.00,-99.000, -99.00,-99.000, -99.00,-99.000, -99.00,-99.000, -99.00,-99.000, -99.00,-99.000, -99.00,-99.000, -99.00,
8/9/2016 15:21:00, 11.9,195.0,-50.0,-48.9,  0.000, 29.05,  0.0,  0.0,-99.000, -99.00,-99.000, -99.00,-99.000, -99.00,-99.000, -99.00,-99.000, -99.00,-99.000, -99.00,-99.000, -99.00,-99.000, -99.00,-99.000, -99.00,-99.000, -99.00,-99.000, -99.00,-99.000, -99.00,-99.000, -99.00,-99.000, -99.00,-99.000, -99.00,-99.000, -99.00,-99.000, -99.00,-99.000, -99.00,-99.000, -99.00,-99.000, -99.00,
8/9/2016 15:22:00, 11.9,209.3,-50.0,-48.9,  0.000, 29.15,  0.0,  0.0,-99.000, -99.00,-99.000, -99.00,-99.000, -99.00,-99.000, -99.00,-99.000, -99.00,-99.000, -99.00,-99.000, -99.00,-99.000, -99.00,-99.000, -99.00,-99.000, -99.00,-99.000, -99.00,-99.000, -99.00,-99.000, -99.00,-99.000, -99.00,-99.000, -99.00,-99.000, -99.00,-99.000, -99.00,-99.000, -99.00,-99.000, -99.00,-99.000, -99.00,
8/9/2016 15:23:00, 11.9,194.5,-50.0,-48.9,  0.000, 29.26,  0.0,  0.0,-99.000, -99.00,-99.000, -99.00,-99.000, -99.00,-99.000, -99.00,-99.000, -99.00,-99.000, -99.00,-99.000, -99.00,-99.000, -99.00,-99.000, -99.00,-99.000, -99.00,-99.000, -99.00,-99.000, -99.00,-99.000, -99.00,-99.000, -99.00,-99.000, -99.00,-99.000, -99.00,-99.000, -99.00,-99.000, -99.00,-99.000, -99.00,-99.000, -99.00,
8/9/2016 15:24:00, 11.9,137.2,-49.8,-48.7,  0.000, 29.37,  0.0,  0.0,-99.000, -99.00,-99.000, -99.00,-99.000, -99.00,-99.000, -99.00,-99.000, -99.00,-99.000, -99.00,-99.000, -99.00,-99.000, -99.00,-99.000, -99.00,-99.000, -99.00,-99.000, -99.00,-99.000, -99.00,-99.000, -99.00,-99.000, -99.00,-99.000, -99.00,-99.000, -99.00,-99.000, -99.00,-99.000, -99.00,-99.000, -99.00,-99.000, -99.00,
8/9/2016 15:25:00, 11.9,137.3,-49.9,-48.8,  0.000, 29.51,  0.0,  0.0,-99.000, -99.00,-99.000, -99.00,-99.000, -99.00,-99.000, -99.00,-99.000, -99.00,-99.000, -99.00,-99.000, -99.00,-99.000, -99.00,-99.000, -99.00,-99.000, -99.00,-99.000, -99.00,-99.000, -99.00,-99.000, -99.00,-99.000, -99.00,-99.000, -99.00,-99.000, -99.00,-99.000, -99.00,-99.000, -99.00,-99.000, -99.00,-99.000, -99.00,
8/9/2016 15:26:00, 11.9,168.3, -7.9,-15.8,  0.000, 29.68,  0.0,  0.0,-99.000, -99.00,-99.000, -99.00,-99.000, -99.00,-99.000, -99.00,-99.000, -99.00,-99.000, -99.00,-99.000, -99.00,-99.000, -99.00,-99.000, -99.00,-99.000, -99.00,-99.000, -99.00,-99.000, -99.00,-99.000, -99.00,-99.000, -99.00,-99.000, -99.00,-99.000, -99.00,-99.000, -99.00,-99.000, -99.00,-99.000, -99.00,-99.000, -99.00,
8/9/2016 15:27:00, 11.9,345.9,-49.7,-48.9,  0.000, 29.89,  0.0,  0.0,-99.000, -99.00,-99.000, -99.00,-99.000, -99.00,-99.000, -99.00,-99.000, -99.00,-99.000, -99.00,-99.000, -99.00,-99.000, -99.00,-99.000, -99.00,-99.000, -99.00,-99.000, -99.00,-99.000, -99.00,-99.000, -99.00,-99.000, -99.00,-99.000, -99.00,-99.000, -99.00,-99.000, -99.00,-99.000, -99.00,-99.000, -99.00,-99.000, -99.00,
8/9/2016 15:28:00, 11.9,349.8,-49.9,-48.9,  0.000, 30.15,  0.0,  0.0,-99.000, -99.00,-99.000, -99.00,-99.000, -99.00,-99.000, -99.00,-99.000, -99.00,-99.000, -99.00,-99.000, -99.00,-99.000, -99.00,-99.000, -99.00,-99.000, -99.00,-99.000, -99.00,-99.000, -99.00,-99.000, -99.00,-99.000, -99.00,-99.000, -99.00,-99.000, -99.00,-99.000, -99.00,-99.000, -99.00,-99.000, -99.00,-99.000, -99.00,
8/9/2016 15:29:00, 11.9,206.8, 29.5,-21.4,  0.000, 30.41,  0.0,  0.0,-99.000, -99.00,-99.000, -99.00,-99.000, -99.00,-99.000, -99.00,-99.000, -99.00,-99.000, -99.00,-99.000, -99.00,-99.000, -99.00,-99.000, -99.00,-99.000, -99.00,-99.000, -99.00,-99.000, -99.00,-99.000, -99.00,-99.000, -99.00,-99.000, -99.00,-99.000, -99.00,-99.000, -99.00,-99.000, -99.00,-99.000, -99.00,-99.000, -99.00,
8/9/2016 15:30:00, 11.9,300.3, 50.9,-48.8,  0.000, 30.63,  0.0,  0.0,-99.000, -99.00,-99.000, -99.00,-99.000, -99.00,-99.000, -99.00,-99.000, -99.00,-99.000, -99.00,-99.000, -99.00,-99.000, -99.00,-99.000, -99.00,-99.000, -99.00,-99.000, -99.00,-99.000, -99.00,-99.000, -99.00,-99.000, -99.00,-99.000, -99.00,-99.000, -99.00,-99.000, -99.00,-99.000, -99.00,-99.000, -99.00,-99.000, -99.00,
8/9/2016 15:31:00, 11.9,307.6, 51.0,-48.8,  0.000, 30.83,  0.0,  0.0,-99.000, -99.00,-99.000, -99.00,-99.000, -99.00,-99.000, -99.00,-99.000, -99.00,-99.000, -99.00,-99.000, -99.00,-99.000, -99.00,-99.000, -99.00,-99.000, -99.00,-99.000, -99.00,-99.000, -99.00,-99.000, -99.00,-99.000, -99.00,-99.000, -99.00,-99.000, -99.00,-99.000, -99.00,-99.000, -99.00,-99.000, -99.00,-99.000, -99.00,
8/9/2016 15:32:00, 11.9,278.4, 51.2,-48.8,  0.000, 31.02,  0.0,  0.0,-99.000, -99.00,-99.000, -99.00,-99.000, -99.00,-99.000, -99.00,-99.000, -99.00,-99.000, -99.00,-99.000, -99.00,-99.000, -99.00,-99.000, -99.00,-99.000, -99.00,-99.000, -99.00,-99.000, -99.00,-99.000, -99.00,-99.000, -99.00,-99.000, -99.00,-99.000, -99.00,-99.000, -99.00,-99.000, -99.00,-99.000, -99.00,-99.000, -99.00,
8/9/2016 15:33:00, 11.9,262.8, 50.8,-46.6,  0.000, 31.19,  0.0,  0.0,-99.000, -99.00,-99.000, -99.00,-99.000, -99.00,-99.000, -99.00,-99.000, -99.00,-99.000, -99.00,-99.000, -99.00,-99.000, -99.00,-99.000, -99.00,-99.000, -99.00,-99.000, -99.00,-99.000, -99.00,-99.000, -99.00,-99.000, -99.00,-99.000, -99.00,-99.000, -99.00,-99.000, -99.00,-99.000, -99.00,-99.000, -99.00,-99.000, -99.00,
8/9/2016 15:34:00, 11.9, 23.3, 51.2, 50.9,  0.000, 31.40,  0.0,  0.0,-99.000, -99.00,-99.000, -99.00,-99.000, -99.00,-99.000, -99.00,-99.000, -99.00,-99.000, -99.00,-99.000, -99.00,-99.000, -99.00,-99.000, -99.00,-99.000, -99.00,-99.000, -99.00,-99.000, -99.00,-99.000, -99.00,-99.000, -99.00,-99.000, -99.00,-99.000, -99.00,-99.000, -99.00,-99.000, -99.00,-99.000, -99.00,-99.000, -99.00,
8/9/2016 15:35:00, 11.9, 42.6, 51.2, 51.0,  0.000, 31.68,  0.0,  0.0,-99.000, -99.00,-99.000, -99.00,-99.000, -99.00,-99.000, -99.00,-99.000, -99.00,-99.000, -99.00,-99.000, -99.00,-99.000, -99.00,-99.000, -99.00,-99.000, -99.00,-99.000, -99.00,-99.000, -99.00,-99.000, -99.00,-99.000, -99.00,-99.000, -99.00,-99.000, -99.00,-99.000, -99.00,-99.000, -99.00,-99.000, -99.00,-99.000, -99.00,
8/9/2016 15:36:00, 11.9, 45.4, 51.3, 51.1,  0.000, 32.02,  0.0,  0.0,-99.000, -99.00,-99.000, -99.00,-99.000, -99.00,-99.000, -99.00,-99.000, -99.00,-99.000, -99.00,-99.000, -99.00,-99.000, -99.00,-99.000, -99.00,-99.000, -99.00,-99.000, -99.00,-99.000, -99.00,-99.000, -99.00,-99.000, -99.00,-99.000, -99.00,-99.000, -99.00,-99.000, -99.00,-99.000, -99.00,-99.000, -99.00,-99.000, -99.00,
8/9/2016 15:37:00, 11.9, 27.0, 51.3, 51.1,  0.000, 32.38,  0.0,  0.0,-99.000, -99.00,-99.000, -99.00,-99.000, -99.00,-99.000, -99.00,-99.000, -99.00,-99.000, -99.00,-99.000, -99.00,-99.000, -99.00,-99.000, -99.00,-99.000, -99.00,-99.000, -99.00,-99.000, -99.00,-99.000, -99.00,-99.000, -99.00,-99.000, -99.00,-99.000, -99.00,-99.000, -99.00,-99.000, -99.00,-99.000, -99.00,-99.000, -99.00,
8/9/2016 15:38:00, 11.9, 97.9, 51.3, 51.1,  0.000, 32.73,  0.0,  0.0,-99.000, -99.00,-99.000, -99.00,-99.000, -99.00,-99.000, -99.00,-99.000, -99.00,-99.000, -99.00,-99.000, -99.00,-99.000, -99.00,-99.000, -99.00,-99.000, -99.00,-99.000, -99.00,-99.000, -99.00,-99.000, -99.00,-99.000, -99.00,-99.000, -99.00,-99.000, -99.00,-99.000, -99.00,-99.000, -99.00,-99.000, -99.00,-99.000, -99.00,
8/9/2016 15:39:00, 11.9, 92.4, 51.3, 51.1,  0.000, 33.04,  0.0,  0.0,-99.000, -99.00,-99.000, -99.00,-99.000, -99.00,-99.000, -99.00,-99.000, -99.00,-99.000, -99.00,-99.000, -99.00,-99.000, -99.00,-99.000, -99.00,-99.000, -99.00,-99.000, -99.00,-99.000, -99.00,-99.000, -99.00,-99.000, -99.00,-99.000, -99.00,-99.000, -99.00,-99.000, -99.00,-99.000, -99.00,-99.000, -99.00,-99.000, -99.00,
8/9/2016 15:40:00, 11.9,101.1, 51.3, 51.1,  0.000, 33.32,  0.0,  0.0,-99.000, -99.00,-99.000, -99.00,-99.000, -99.00,-99.000, -99.00,-99.000, -99.00,-99.000, -99.00,-99.000, -99.00,-99.000, -99.00,-99.000, -99.00,-99.000, -99.00,-99.000, -99.00,-99.000, -99.00,-99.000, -99.00,-99.000, -99.00,-99.000, -99.00,-99.000, -99.00,-99.000, -99.00,-99.000, -99.00,-99.000, -99.00,-99.000, -99.00,
8/9/2016 15:41:00, 11.9,102.0, 51.3, 51.1,  0.000, 33.57,  0.0,  0.0,-99.000, -99.00,-99.000, -99.00,-99.000, -99.00,-99.000, -99.00,-99.000, -99.00,-99.000, -99.00,-99.000, -99.00,-99.000, -99.00,-99.000, -99.00,-99.000, -99.00,-99.000, -99.00,-99.000, -99.00,-99.000, -99.00,-99.000, -99.00,-99.000, -99.00,-99.000, -99.00,-99.000, -99.00,-99.000, -99.00,-99.000, -99.00,-99.000, -99.00,
8/9/2016 15:42:00, 11.9, 99.4, 51.4, 51.1,  0.000, 33.84,  0.0,  0.0,-99.000, -99.00,-99.000, -99.00,-99.000, -99.00,-99.000, -99.00,-99.000, -99.00,-99.000, -99.00,-99.000, -99.00,-99.000, -99.00,-99.000, -99.00,-99.000, -99.00,-99.000, -99.00,-99.000, -99.00,-99.000, -99.00,-99.000, -99.00,-99.000, -99.00,-99.000, -99.00,-99.000, -99.00,-99.000, -99.00,-99.000, -99.00,-99.000, -99.00,
8/9/2016 15:43:00, 11.9,275.3, 51.3,-48.7,  0.320, 34.00,  0.0,  0.0,-99.000, -99.00,-99.000, -99.00,-99.000, -99.00,-99.000, -99.00,-99.000, -99.00,-99.000, -99.00,-99.000, -99.00,-99.000, -99.00,-99.000, -99.00,-99.000, -99.00,-99.000, -99.00,-99.000, -99.00,-99.000, -99.00,-99.000, -99.00,-99.000, -99.00,-99.000, -99.00,-99.000, -99.00,-99.000, -99.00,-99.000, -99.00,-99.000, -99.00,
8/9/2016 15:44:00, 11.9,350.5, 51.2,-48.3,  0.397, 33.87,  0.0,  0.0,-99.000, -99.00,-99.000, -99.00,-99.000, -99.00,-99.000, -99.00,-99.000, -99.00,-99.000, -99.00,-99.000, -99.00,-99.000, -99.00,-99.000, -99.00,-99.000, -99.00,-99.000, -99.00,-99.000, -99.00,-99.000, -99.00,-99.000, -99.00,-99.000, -99.00,-99.000, -99.00,-99.000, -99.00,-99.000, -99.00,-99.000, -99.00,-99.000, -99.00,
8/9/2016 15:45:00, 11.8,262.3, 56.6, 43.5,  0.475, 33.59,  0.0,  0.0,-99.000, -99.00,-99.000, -99.00,-99.000, -99.00,-99.000, -99.00,-99.000, -99.00,-99.000, -99.00,-99.000, -99.00,-99.000, -99.00,-99.000, -99.00,-99.000, -99.00,-99.000, -99.00,-99.000, -99.00,-99.000, -99.00,-99.000, -99.00,-99.000, -99.00,-99.000, -99.00,-99.000, -99.00,-99.000, -99.00,-99.000, -99.00,-99.000, -99.00,
8/9/2016 15:46:00, 11.9, 22.0, 50.3,-46.6,  0.481, 33.30,  0.0,  0.0,-99.000, -99.00,-99.000, -99.00,-99.000, -99.00,-99.000, -99.00,-99.000, -99.00,-99.000, -99.00,-99.000, -99.00,-99.000, -99.00,-99.000, -99.00,-99.000, -99.00,-99.000, -99.00,-99.000, -99.00,-99.000, -99.00,-99.000, -99.00,-99.000, -99.00,-99.000, -99.00,-99.000, -99.00,-99.000, -99.00,-99.000, -99.00,-99.000, -99.00,
8/9/2016 15:47:00, 11.9,220.5, 23.2, 17.8,  0.213, 33.03,  0.0,  0.0,-99.000, -99.00,-99.000, -99.00,-99.000, -99.00,-99.000, -99.00,-99.000, -99.00,-99.000, -99.00,-99.000, -99.00,-99.000, -99.00,-99.000, -99.00,-99.000, -99.00,-99.000, -99.00,-99.000, -99.00,-99.000, -99.00,-99.000, -99.00,-99.000, -99.00,-99.000, -99.00,-99.000, -99.00,-99.000, -99.00,-99.000, -99.00,-99.000, -99.00,
8/9/2016 15:48:00, 11.9, 70.8, 51.4, 50.9,  0.240, 32.79,  0.0,  0.0,-99.000, -99.00,-99.000, -99.00,-99.000, -99.00,-99.000, -99.00,-99.000, -99.00,-99.000, -99.00,-99.000, -99.00,-99.000, -99.00,-99.000, -99.00,-99.000, -99.00,-99.000, -99.00,-99.000, -99.00,-99.000, -99.00,-99.000, -99.00,-99.000, -99.00,-99.000, -99.00,-99.000, -99.00,-99.000, -99.00,-99.000, -99.00,-99.000, -99.00,
8/9/2016 15:49:00, 11.9,273.4,-49.8,-48.7,  0.367, 32.57,  0.0,  0.0,-99.000, -99.00,-99.000, -99.00,-99.000, -99.00,-99.000, -99.00,-99.000, -99.00,-99.000, -99.00,-99.000, -99.00,-99.000, -99.00,-99.000, -99.00,-99.000, -99.00,-99.000, -99.00,-99.000, -99.00,-99.000, -99.00,-99.000, -99.00,-99.000, -99.00,-99.000, -99.00,-99.000, -99.00,-99.000, -99.00,-99.000, -99.00,-99.000, -99.00,
8/9/2016 15:50:00, 11.9,280.6,-49.7,-48.7,  0.193, 32.37,  0.0,  0.0,-99.000, -99.00,-99.000, -99.00,-99.000, -99.00,-99.000, -99.00,-99.000, -99.00,-99.000, -99.00,-99.000, -99.00,-99.000, -99.00,-99.000, -99.00,-99.000, -99.00,-99.000, -99.00,-99.000, -99.00,-99.000, -99.00,-99.000, -99.00,-99.000, -99.00,-99.000, -99.00,-99.000, -99.00,-99.000, -99.00,-99.000, -99.00,-99.000, -99.00,
8/9/2016 15:51:00, 11.9,232.2,-49.8,-33.1,  0.437, 32.20,  0.0,  0.0,-99.000, -99.00,-99.000, -99.00,-99.000, -99.00,-99.000, -99.00,-99.000, -99.00,-99.000, -99.00,-99.000, -99.00,-99.000, -99.00,-99.000, -99.00,-99.000, -99.00,-99.000, -99.00,-99.000, -99.00,-99.000, -99.00,-99.000, -99.00,-99.000, -99.00,-99.000, -99.00,-99.000, -99.00,-99.000, -99.00,-99.000, -99.00,-99.000, -99.00,
8/9/2016 15:52:00, 11.9,149.9, 56.9, -3.6,  0.517, 32.04,  0.0,  0.0,-99.000, -99.00,-99.000, -99.00,-99.000, -99.00,-99.000, -99.00,-99.000, -99.00,-99.000, -99.00,-99.000, -99.00,-99.000, -99.00,-99.000, -99.00,-99.000, -99.00,-99.000, -99.00,-99.000, -99.00,-99.000, -99.00,-99.000, -99.00,-99.000, -99.00,-99.000, -99.00,-99.000, -99.00,-99.000, -99.00,-99.000, -99.00,-99.000, -99.00,
8/9/2016 15:53:00, 11.9,226.8, 28.6,-48.5,  1.639, 31.89,  0.0,  0.0,-99.000, -99.00,-99.000, -99.00,-99.000, -99.00,-99.000, -99.00,-99.000, -99.00,-99.000, -99.00,-99.000, -99.00,-99.000, -99.00,-99.000, -99.00,-99.000, -99.00,-99.000, -99.00,-99.000, -99.00,-99.000, -99.00,-99.000, -99.00,-99.000, -99.00,-99.000, -99.00,-99.000, -99.00,-99.000, -99.00,-99.000, -99.00,-99.000, -99.00,
8/9/2016 15:54:00, 11.9,247.9, 44.3, 32.0, 11.117, 31.76,  0.0,  0.0,  0.244, 319.98,  0.125, 288.15,  0.116, 299.87,  0.108, 263.60,  0.073, 302.17,  0.168, 248.64,-99.000, -99.00,-99.000, -99.00,-99.000, -99.00,-99.000, -99.00,-99.000, -99.00,-99.000, -99.00,-99.000, -99.00,-99.000, -99.00,-99.000, -99.00,-99.000, -99.00,-99.000, -99.00,-99.000, -99.00,-99.000, -99.00,-99.000, -99.00,
8/9/2016 15:55:00, 11.9, 53.0, 49.2, 48.9, 14.440, 31.63,  0.0,  0.0,  0.240, 319.55,  0.415, 109.88,-99.000, -99.00,-99.000, -99.00,-99.000, -99.00,-99.000, -99.00,-99.000, -99.00,-99.000, -99.00,-99.000, -99.00,-99.000, -99.00,-99.000, -99.00,-99.000, -99.00,-99.000, -99.00,-99.000, -99.00,-99.000, -99.00,-99.000, -99.00,-99.000, -99.00,-99.000, -99.00,-99.000, -99.00,-99.000, -99.00,
8/9/2016 15:56:00, 11.9, 51.3, 51.3, 51.0, 14.442, 31.49,  0.0,  0.0,  0.046, 241.19,-99.000, -99.00,-99.000, -99.00,-99.000, -99.00,-99.000, -99.00,-99.000, -99.00,-99.000, -99.00,-99.000, -99.00,-99.000, -99.00,-99.000, -99.00,-99.000, -99.00,-99.000, -99.00,-99.000, -99.00,-99.000, -99.00,-99.000, -99.00,-99.000, -99.00,-99.000, -99.00,-99.000, -99.00,-99.000, -99.00,-99.000, -99.00,
8/9/2016 15:57:00, 11.8, 48.7, 51.3, 51.1, 14.240, 31.36,  0.0,  0.0,  0.289, 265.83,-99.000, -99.00,-99.000, -99.00,-99.000, -99.00,-99.000, -99.00,-99.000, -99.00,-99.000, -99.00,-99.000, -99.00,-99.000, -99.00,-99.000, -99.00,-99.000, -99.00,-99.000, -99.00,-99.000, -99.00,-99.000, -99.00,-99.000, -99.00,-99.000, -99.00,-99.000, -99.00,-99.000, -99.00,-99.000, -99.00,-99.000, -99.00,
8/9/2016 15:58:00, 11.8, 35.9,  1.5, 55.6, 12.809, 31.24,  0.0,  0.0,  0.246, 158.54,  0.189, 143.37,  0.205, 131.84,  0.220, 138.69,  0.224, 150.22,-99.000, -99.00,-99.000, -99.00,-99.000, -99.00,-99.000, -99.00,-99.000, -99.00,-99.000, -99.00,-99.000, -99.00,-99.000, -99.00,-99.000, -99.00,-99.000, -99.00,-99.000, -99.00,-99.000, -99.00,-99.000, -99.00,-99.000, -99.00,-99.000, -99.00,
8/9/2016 15:59:00, 11.8,128.0, 30.7, 56.6, 12.625, 31.12,  0.0,  0.0,  0.301, 279.74,  0.414, 313.14,  0.299, 299.48,  0.300, 276.13,  0.314, 276.76,-99.000, -99.00,-99.000, -99.00,-99.000, -99.00,-99.000, -99.00,-99.000, -99.00,-99.000, -99.00,-99.000, -99.00,-99.000, -99.00,-99.000, -99.00,-99.000, -99.00,-99.000, -99.00,-99.000, -99.00,-99.000, -99.00,-99.000, -99.00,-99.000, -99.00,
8/9/2016 16:00:00, 11.8, 88.9, 56.9, 39.6, 13.045, 31.01,  0.0,  0.0,  0.204, 294.68,-99.000, -99.00,-99.000, -99.00,-99.000, -99.00,-99.000, -99.00,-99.000, -99.00,-99.000, -99.00,-99.000, -99.00,-99.000, -99.00,-99.000, -99.00,-99.000, -99.00,-99.000, -99.00,-99.000, -99.00,-99.000, -99.00,-99.000, -99.00,-99.000, -99.00,-99.000, -99.00,-99.000, -99.00,-99.000, -99.00,-99.000, -99.00,
8/9/2016 16:01:00, 11.8,293.0,-30.1, 37.5, 13.274, 30.91,  0.0,  0.0,  0.036, 102.88,  0.225, 116.34,  0.212, 124.22,  0.290, 106.43,  0.280,  73.83,  0.245,  82.96,  0.253, 115.55,  0.212, 106.13,-99.000, -99.00,-99.000, -99.00,-99.000, -99.00,-99.000, -99.00,-99.000, -99.00,-99.000, -99.00,-99.000, -99.00,-99.000, -99.00,-99.000, -99.00,-99.000, -99.00,-99.000, -99.00,-99.000, -99.00,
8/9/2016 16:02:00, 11.8,219.3, 34.2, 26.1, 13.286, 30.82,  0.0,  0.0,  0.048, 253.07,  0.190,  61.68,  0.196,  33.12,  0.304,  59.55,  0.367,  62.39,  0.313,  60.73,  0.285,  44.29,  0.193,   6.54,  0.302, 290.18,  0.402, 276.86,-99.000, -99.00,-99.000, -99.00,-99.000, -99.00,-99.000, -99.00,-99.000, -99.00,-99.000, -99.00,-99.000, -99.00,-99.000, -99.00,-99.000, -99.00,-99.000, -99.00,
8/9/2016 16:03:00, 11.8,219.5, 33.6, 28.4, 13.286, 30.74,  0.0,  0.0,  0.244, 313.51,  0.139, 321.73,  0.152, 338.34,  0.137,  42.92,  0.228,  64.79,  0.273,  54.10,  0.207,  54.85,  0.188, 314.57,  0.373, 304.07,  0.432, 282.85,-99.000, -99.00,-99.000, -99.00,-99.000, -99.00,-99.000, -99.00,-99.000, -99.00,-99.000, -99.00,-99.000, -99.00,-99.000, -99.00,-99.000, -99.00,-99.000, -99.00,
8/9/2016 16:04:00, 11.8,200.3, 30.6, 25.6, 13.285, 30.67,  0.0,  0.0,  0.222, 292.18,  0.456, 256.42,  0.181, 287.34,  0.180,   7.32,  0.210,  30.59,  0.177,  18.43,  0.199,   3.45,  0.136, 308.13,  0.393, 285.20,  0.606, 276.73,  0.245, 262.73,-99.000, -99.00,-99.000, -99.00,-99.000, -99.00,-99.000, -99.00,-99.000, -99.00,-99.000, -99.00,-99.000, -99.00,-99.000, -99.00,-99.000, -99.00,
8/9/2016 16:05:00, 11.8,201.8, 30.5, 25.9, 13.283, 30.61,  0.0,  0.0,  0.191, 263.10,  0.178, 260.27,  0.026,  38.66,  0.194,  62.38,  0.268,  63.15,  0.227,  69.89,  0.123, 352.07,  0.130, 351.12,  0.222, 273.88,  0.392, 260.30,  0.166, 248.39,-99.000, -99.00,-99.000, -99.00,-99.000, -99.00,-99.000, -99.00,-99.000, -99.00,-99.000, -99.00,-99.000, -99.00,-99.000, -99.00,-99.000, -99.00,
8/9/2016 16:06:00, 11.8,206.0, 32.9, 29.6, 13.280, 30.54,  0.0,  0.0,  0.244, 256.02,  0.145, 228.07,  0.231,  71.88,  0.184,  40.60,  0.211,  35.95,  0.103,  13.50,  0.075,  16.99,  0.182, 295.02,  0.486, 285.15,  0.618, 257.29,-99.000, -99.00,-99.000, -99.00,-99.000, -99.00,-99.000, -99.00,-99.000, -99.00,-99.000, -99.00,-99.000, -99.00,-99.000, -99.00,-99.000, -99.00,-99.000, -99.00,
8/9/2016 16:07:00, 11.8,205.7, 33.1, 29.7, 13.278, 30.49,  0.0,  0.0,  0.218, 264.21,  0.023, 336.80,  0.083,  65.90,  0.176,  31.80,  0.212,  76.62,  0.135,  35.93,  0.071,  61.26,  0.268, 264.65,  0.420, 276.29,  0.471, 253.84,-99.000, -99.00,-99.000, -99.00,-99.000, -99.00,-99.000, -99.00,-99.000, -99.00,-99.000, -99.00,-99.000, -99.00,-99.000, -99.00,-99.000, -99.00,-99.000, -99.00,
8/9/2016 16:08:00, 11.8,206.2, 33.2, 29.9, 13.278, 30.44,  0.0,  0.0,  0.269,  82.53,  0.131, 149.34,  0.127, 250.71,  0.230,  82.01,  0.282,  93.46,  0.238,  69.05,  0.210,  96.01,  0.135, 239.83,  0.287, 261.39,  0.239, 270.96,-99.000, -99.00,-99.000, -99.00,-99.000, -99.00,-99.000, -99.00,-99.000, -99.00,-99.000, -99.00,-99.000, -99.00,-99.000, -99.00,-99.000, -99.00,-99.000, -99.00,
8/9/2016 16:09:00, 11.8,145.4, 36.4,-38.0, 12.956, 30.39,  0.0,  0.0,  0.133,  44.39,  0.030, 254.58,  0.051, 138.18,  0.094, 213.69,  0.126, 339.55,  0.077, 192.77,  0.092, 349.30,  0.150,  10.34,-99.000, -99.00,-99.000, -99.00,-99.000, -99.00,-99.000, -99.00,-99.000, -99.00,-99.000, -99.00,-99.000, -99.00,-99.000, -99.00,-99.000, -99.00,-99.000, -99.00,-99.000, -99.00,-99.000, -99.00,
8/9/2016 16:10:00, 11.8,109.2,  6.0,  0.4, 12.644, 30.34,  0.0,  0.0,  0.311,  35.17,  0.136,  91.26,  0.178, 120.02,  0.342, 116.79,  0.274, 125.66,  0.167, 121.02,  0.112, 124.11,  0.069,  93.32,  0.024,  33.02,  0.056, 334.80,-99.000, -99.00,-99.000, -99.00,-99.000, -99.00,-99.000, -99.00,-99.000, -99.00,-99.000, -99.00,-99.000, -99.00,-99.000, -99.00,-99.000, -99.00,-99.000, -99.00,
8/9/2016 16:11:00, 11.8, 90.5,  4.8,  2.0, 12.652, 30.30,  0.0,  0.0,  0.158, 336.04,  0.260, 313.13,  0.264,   1.74,  0.156,  43.96,  0.200,  42.16,  0.187,  33.01,  0.147,  31.10,  0.078, 357.80,  0.157, 355.24,  0.087, 354.75,-99.000, -99.00,-99.000, -99.00,-99.000, -99.00,-99.000, -99.00,-99.000, -99.00,-99.000, -99.00,-99.000, -99.00,-99.000, -99.00,-99.000, -99.00,-99.000, -99.00,
8/9/2016 16:12:00, 11.8, 93.9,  0.1,  2.0, 12.660, 30.26,  0.0,  0.0,  0.168, 332.37,  0.413, 307.42,  0.376, 291.86,  0.321, 259.60,  0.299, 253.50,  0.283, 250.41,  0.200, 277.77,  0.172, 282.09,  0.181, 304.66,  0.193, 338.47,-99.000, -99.00,-99.000, -99.00,-99.000, -99.00,-99.000, -99.00,-99.000, -99.00,-99.000, -99.00,-99.000, -99.00,-99.000, -99.00,-99.000, -99.00,-99.000, -99.00,
8/9/2016 16:13:00, 11.8,140.1, -0.4, -3.0, 12.655, 30.22,  0.0,  0.0,  0.142,  17.16,  0.179,   4.15,  0.162, 356.82,  0.129, 317.19,  0.136, 319.76,  0.125, 317.60,  0.212, 293.06,  0.139, 310.91,  0.075, 296.22,  0.076, 295.56,-99.000, -99.00,-99.000, -99.00,-99.000, -99.00,-99.000, -99.00,-99.000, -99.00,-99.000, -99.00,-99.000, -99.00,-99.000, -99.00,-99.000, -99.00,-99.000, -99.00,
8/9/2016 16:14:00, 11.8, 99.0, -0.6, -3.2, 12.660, 30.18,  0.0,  0.0,  0.077, 179.26,  0.002, 296.57,  0.238, 108.89,  0.153, 104.04,  0.242,  93.55,  0.231, 106.63,  0.310,  97.42,  0.388,  90.89,  0.344,  80.46,  0.273,  96.32,-99.000, -99.00,-99.000, -99.00,-99.000, -99.00,-99.000, -99.00,-99.000, -99.00,-99.000, -99.00,-99.000, -99.00,-99.000, -99.00,-99.000, -99.00,-99.000, -99.00,
8/9/2016 16:15:00, 11.8, 98.3, -0.5, -3.2, 12.659, 30.15,  0.0,  0.0,  0.072,  59.17,  0.108,  54.40,  0.187,  82.61,  0.182,  61.46,  0.354,  90.81,  0.283,  95.47,  0.315,  91.64,  0.225,  89.75,  0.280,  94.30,  0.232,  79.08,-99.000, -99.00,-99.000, -99.00,-99.000, -99.00,-99.000, -99.00,-99.000, -99.00,-99.000, -99.00,-99.000, -99.00,-99.000, -99.00,-99.000, -99.00,-99.000, -99.00,
8/9/2016 16:16:00, 11.8, 98.9,  1.0,  1.2, 12.661, 30.12,  0.0,  0.0,  0.035, 123.23,  0.062, 212.40,  0.094, 162.72,  0.054, 209.88,  0.083, 222.55,  0.067, 147.72,  0.161, 137.51,  0.109, 126.76,  0.088,  89.35,  0.046,  69.59,-99.000, -99.00,-99.000, -99.00,-99.000, -99.00,-99.000, -99.00,-99.000, -99.00,-99.000, -99.00,-99.000, -99.00,-99.000, -99.00,-99.000, -99.00,-99.000, -99.00,
8/9/2016 16:17:00, 11.8, 98.9,  0.9,  1.2, 12.659, 30.09,  0.0,  0.0,  0.085, 148.92,  0.023, 195.26,  0.107, 149.13,  0.107, 143.78,  0.115, 159.03,  0.119, 193.10,  0.093, 180.62,  0.063,  11.84,  0.050, 321.52,  0.028, 302.01,-99.000, -99.00,-99.000, -99.00,-99.000, -99.00,-99.000, -99.00,-99.000, -99.00,-99.000, -99.00,-99.000, -99.00,-99.000, -99.00,-99.000, -99.00,-99.000, -99.00,
8/9/2016 16:18:00, 11.8, 98.8,  0.9,  1.2, 12.654, 30.06,  0.0,  0.0,  0.034,  73.14,  0.021, 292.83,  0.117, 157.83,  0.034,  93.37,  0.053, 120.41,  0.071, 157.75,  0.095, 212.52,  0.039, 205.91,  0.011, 127.87,  0.026, 307.30,-99.000, -99.00,-99.000, -99.00,-99.000, -99.00,-99.000, -99.00,-99.000, -99.00,-99.000, -99.00,-99.000, -99.00,-99.000, -99.00,-99.000, -99.00,-99.000, -99.00,
8/9/2016 16:19:00, 11.8, 98.9,  0.9,  1.2, 12.652, 30.03,  0.0,  0.0,  0.009,   0.00,  0.048, 153.97,  0.154, 171.76,  0.063, 179.09,  0.014, 233.97,  0.044, 182.60,  0.075, 214.11,  0.079, 180.73,  0.030, 189.46,  0.131, 331.28,-99.000, -99.00,-99.000, -99.00,-99.000, -99.00,-99.000, -99.00,-99.000, -99.00,-99.000, -99.00,-99.000, -99.00,-99.000, -99.00,-99.000, -99.00,-99.000, -99.00,
8/9/2016 16:20:00, 11.8, 98.9,  0.9,  1.2, 12.650, 30.01,  0.0,  0.0,  0.043, 207.76,  0.023, 118.81,  0.166, 184.50,  0.175, 189.89,  0.054,  94.24,  0.018, 109.44,  0.085, 207.16,  0.087, 271.32,  0.116, 277.92,  0.058, 270.99,-99.000, -99.00,-99.000, -99.00,-99.000, -99.00,-99.000, -99.00,-99.000, -99.00,-99.000, -99.00,-99.000, -99.00,-99.000, -99.00,-99.000, -99.00,-99.000, -99.00,
8/9/2016 16:21:00, 11.8, 98.9,  0.9,  1.2, 12.645, 29.99,  0.0,  0.0,  0.057, 191.11,  0.034, 188.37,  0.031, 303.18,  0.093, 176.31,  0.076, 170.17,  0.036, 245.56,  0.045, 258.44,  0.078, 300.20,  0.096, 290.14,  0.069, 283.43,-99.000, -99.00,-99.000, -99.00,-99.000, -99.00,-99.000, -99.00,-99.000, -99.00,-99.000, -99.00,-99.000, -99.00,-99.000, -99.00,-99.000, -99.00,-99.000, -99.00,
8/9/2016 16:22:00, 11.8, 98.7,  0.9,  1.2, 12.639, 29.97,  0.0,  0.0,  0.045,  51.34,  0.019, 218.66,  0.119, 181.93,  0.055, 211.68,  0.051, 186.71,  0.041, 217.15,  0.060, 248.55,  0.050, 309.37,  0.063, 270.91,  0.047, 101.07,-99.000, -99.00,-99.000, -99.00,-99.000, -99.00,-99.000, -99.00,-99.000, -99.00,-99.000, -99.00,-99.000, -99.00,-99.000, -99.00,-99.000, -99.00,-99.000, -99.00,
8/9/2016 16:23:00, 11.8, 98.9,  0.8,  1.1, 12.642, 29.95,  0.0,  0.0,  0.089,  88.71,  0.014, 180.00,  0.058, 156.54,  0.057, 159.33,  0.011, 190.30,  0.043, 224.06,  0.075, 297.94,  0.082, 289.98,  0.065, 315.00,  0.081, 252.69,-99.000, -99.00,-99.000, -99.00,-99.000, -99.00,-99.000, -99.00,-99.000, -99.00,-99.000, -99.00,-99.000, -99.00,-99.000, -99.00,-99.000, -99.00,-99.000, -99.00,
8/9/2016 16:24:00, 11.8, 98.7,  0.8,  1.1, 12.642, 29.93,  0.0,  0.0,  0.030, 174.29,  0.064, 203.78,  0.075, 135.00,  0.120, 197.53,  0.081, 164.25,  0.056, 114.27,  0.014, 309.29,  0.127, 317.88,  0.108, 289.44,  0.054, 330.12,-99.000, -99.00,-99.000, -99.00,-99.000, -99.00,-99.000, -99.00,-99.000, -99.00,-99.000, -99.00,-99.000, -99.00,-99.000, -99.00,-99.000, -99.00,-99.000, -99.00,
8/9/2016 16:25:00, 11.8, 98.9,  0.8,  1.1, 12.648, 29.92,  0.0,  0.0,  0.100, 196.26,  0.078, 185.13,  0.057, 133.57,  0.062, 117.80,  0.089, 131.37,  0.060, 241.31,  0.073, 172.87,  0.120, 302.11,  0.063, 256.18,  0.063, 307.95,-99.000, -99.00,-99.000, -99.00,-99.000, -99.00,-99.000, -99.00,-99.000, -99.00,-99.000, -99.00,-99.000, -99.00,-99.000, -99.00,-99.000, -99.00,-99.000, -99.00,
8/9/2016 16:26:00, 11.8, 98.8,  0.8,  1.1, 12.650, 29.90,  0.0,  0.0,  0.030,  66.04,  0.071, 101.31,  0.098, 155.80,  0.045, 165.96,  0.058, 179.01,  0.058, 267.04,  0.070, 309.81,  0.082, 290.64,  0.166, 311.83,  0.078, 309.81,-99.000, -99.00,-99.000, -99.00,-99.000, -99.00,-99.000, -99.00,-99.000, -99.00,-99.000, -99.00,-99.000, -99.00,-99.000, -99.00,-99.000, -99.00,-99.000, -99.00,
8/9/2016 16:27:00, 11.8, 98.8,  0.8,  1.1, 12.650, 29.89,  0.0,  0.0,  0.092,  18.43,  0.071, 137.29,  0.122, 128.00,  0.112, 123.69,  0.066, 149.18,  0.010, 240.95,  0.067, 348.02,  0.070, 286.62,  0.074, 327.17,  0.101, 290.96,-99.000, -99.00,-99.000, -99.00,-99.000, -99.00,-99.000, -99.00,-99.000, -99.00,-99.000, -99.00,-99.000, -99.00,-99.000, -99.00,-99.000, -99.00,-99.000, -99.00,
8/9/2016 16:28:00, 11.8, 98.7,  0.8,  1.1, 12.653, 29.87,  0.0,  0.0,  0.028, 120.26,  0.108, 143.66,  0.097, 180.59,  0.051, 182.25,  0.072, 138.96,  0.018, 176.82,  0.016, 227.49,  0.090, 256.58,  0.110, 298.19,  0.040, 334.72,-99.000, -99.00,-99.000, -99.00,-99.000, -99.00,-99.000, -99.00,-99.000, -99.00,-99.000, -99.00,-99.000, -99.00,-99.000, -99.00,-99.000, -99.00,-99.000, -99.00,
8/9/2016 16:29:00, 11.8, 98.8,  0.8,  1.1, 12.656, 29.86,  0.0,  0.0,  0.052, 172.33,  0.041, 347.32,  0.082, 172.27,  0.055, 182.08,  0.014,  90.00,  0.017, 256.76,  0.004, 345.96,  0.124, 298.43,  0.108, 322.92,  0.057, 252.53,-99.000, -99.00,-99.000, -99.00,-99.000, -99.00,-99.000, -99.00,-99.000, -99.00,-99.000, -99.00,-99.000, -99.00,-99.000, -99.00,-99.000, -99.00,-99.000, -99.00,
8/9/2016 16:30:00, 11.8, 98.7,  0.8,  1.1, 12.657, 29.85,  0.0,  0.0,  0.031,   5.53,  0.010, 196.70,  0.095, 123.86,  0.084, 162.00,  0.079, 158.60,  0.031,   0.00,  0.039, 235.49,  0.047, 225.86,  0.061, 264.38,  0.025, 211.76,-99.000, -99.00,-99.000, -99.00,-99.000, -99.00,-99.000, -99.00,-99.000, -99.00,-99.000, -99.00,-99.000, -99.00,-99.000, -99.00,-99.000, -99.00,-99.000, -99.00,
8/9/2016 16:31:00, 11.8, 98.8,  0.8,  1.1, 12.657, 29.84,  0.0,  0.0,  0.051,  75.14,  0.021, 242.24,  0.096, 196.36,  0.051,  69.44,  0.071, 169.48,  0.025, 267.71,  0.030, 323.13,  0.073, 312.22,  0.085, 311.19,  0.046, 294.34,-99.000, -99.00,-99.000, -99.00,-99.000, -99.00,-99.000, -99.00,-99.000, -99.00,-99.000, -99.00,-99.000, -99.00,-99.000, -99.00,-99.000, -99.00,-99.000, -99.00,
8/9/2016 16:32:00, 11.8, 98.9,  0.8,  1.1, 12.659, 29.82,  0.0,  0.0,  0.013, 321.34,  0.062, 154.26,  0.098, 145.34,  0.034, 283.63,  0.045, 123.34,  0.027, 243.43,  0.081, 255.62,  0.081, 273.53,  0.153, 291.52,  0.106, 238.85,-99.000, -99.00,-99.000, -99.00,-99.000, -99.00,-99.000, -99.00,-99.000, -99.00,-99.000, -99.00,-99.000, -99.00,-99.000, -99.00,-99.000, -99.00,-99.000, -99.00,
8/9/2016 16:33:00, 11.8, 98.8,  0.8,  1.1, 12.655, 29.81,  0.0,  0.0,  0.067, 227.44,  0.022, 140.53,  0.087, 180.00,  0.023, 199.98,  0.052, 239.04,  0.018, 289.44,  0.027, 311.99,  0.043, 239.26,  0.059, 289.98,  0.013,  32.47,-99.000, -99.00,-99.000, -99.00,-99.000, -99.00,-99.000, -99.00,-99.000, -99.00,-99.000, -99.00,-99.000, -99.00,-99.000, -99.00,-99.000, -99.00,-99.000, -99.00,
8/9/2016 16:34:00, 11.8, 98.7,  0.8,  1.1, 12.650, 29.80,  0.0,  0.0,  0.115, 166.45,  0.059, 187.85,  0.062, 144.25,  0.048, 120.34,  0.101, 187.41,  0.021,  90.00,  0.053, 335.38,  0.050, 324.73,  0.110, 278.35,  0.043,  38.45,-99.000, -99.00,-99.000, -99.00,-99.000, -99.00,-99.000, -99.00,-99.000, -99.00,-99.000, -99.00,-99.000, -99.00,-99.000, -99.00,-99.000, -99.00,-99.000, -99.00,
8/9/2016 16:35:00, 11.8, 98.9,  0.8,  1.1, 12.650, 29.79,  0.0,  0.0,  0.084, 170.43,  0.067, 165.34,  0.053, 192.99,  0.069,  90.00,  0.061, 281.31,  0.105, 291.19,  0.045, 275.08,  0.071, 287.16,  0.070, 323.13,  0.090, 296.28,-99.000, -99.00,-99.000, -99.00,-99.000, -99.00,-99.000, -99.00,-99.000, -99.00,-99.000, -99.00,-99.000, -99.00,-99.000, -99.00,-99.000, -99.00,-99.000, -99.00,
8/9/2016 16:36:00, 11.8, 98.8,  0.8,  1.1, 12.647, 29.78,  0.0,  0.0,  0.094, 198.63,  0.028, 217.69,  0.105, 165.70,  0.069, 161.30,  0.045, 224.09,  0.026, 188.75,  0.080, 308.88,  0.056, 287.78,  0.090, 337.72,  0.105, 293.63,-99.000, -99.00,-99.000, -99.00,-99.000, -99.00,-99.000, -99.00,-99.000, -99.00,-99.000, -99.00,-99.000, -99.00,-99.000, -99.00,-99.000, -99.00,-99.000, -99.00,
8/9/2016 16:37:00, 11.8, 98.9,  0.8,  1.1, 12.643, 29.77,  0.0,  0.0,  0.023, 156.80,  0.093, 183.69,  0.059, 180.00,  0.123, 169.24,  0.053, 325.71,  0.052, 272.20,  0.159, 309.90,  0.033, 273.47,  0.098, 304.18,  0.047, 336.16,-99.000, -99.00,-99.000, -99.00,-99.000, -99.00,-99.000, -99.00,-99.000, -99.00,-99.000, -99.00,-99.000, -99.00,-99.000, -99.00,-99.000, -99.00,-99.000, -99.00,
8/9/2016 16:38:00, 11.8, 98.7,  0.8,  1.1, 12.643, 29.77,  0.0,  0.0,  0.074, 359.23,  0.034, 191.98,  0.060,  99.62,  0.058,  49.18,  0.003, 288.43,  0.104, 328.75,  0.095, 303.86,  0.088, 312.71,  0.097, 285.62,  0.102, 292.53,-99.000, -99.00,-99.000, -99.00,-99.000, -99.00,-99.000, -99.00,-99.000, -99.00,-99.000, -99.00,-99.000, -99.00,-99.000, -99.00,-99.000, -99.00,-99.000, -99.00,
8/9/2016 16:39:00, 11.8, 98.7,  0.8,  1.1, 12.640, 29.76,  0.0,  0.0,  0.049,  33.37,  0.088, 101.82,  0.071,  98.13,  0.007,  90.00,  0.056,  82.87,  0.062, 255.96,  0.009, 310.60,  0.104, 334.92,  0.126, 333.64,  0.123, 319.96,-99.000, -99.00,-99.000, -99.00,-99.000, -99.00,-99.000, -99.00,-99.000, -99.00,-99.000, -99.00,-99.000, -99.00,-99.000, -99.00,-99.000, -99.00,-99.000, -99.00,
8/9/2016 16:40:00, 11.8, 98.8,  0.8,  1.1, 12.646, 29.76,  0.0,  0.0,  0.077, 218.66,  0.066, 168.69,  0.059, 137.07,  0.008,  97.13,  0.029, 143.53,  0.031, 125.75,  0.062, 307.79,  0.116, 333.43,  0.113, 302.01,  0.093, 336.48,-99.000, -99.00,-99.000, -99.00,-99.000, -99.00,-99.000, -99.00,-99.000, -99.00,-99.000, -99.00,-99.000, -99.00,-99.000, -99.00,-99.000, -99.00,-99.000, -99.00,
8/9/2016 16:41:00, 11.8, 98.8,  0.8,  1.1, 12.650, 29.75,  0.0,  0.0,  0.047, 231.91,  0.022, 338.20,  0.043, 144.46,  0.103, 134.60,  0.049, 177.66,  0.027, 259.51,  0.075, 340.60,  0.094, 297.93,  0.114, 321.42,  0.058, 355.07,-99.000, -99.00,-99.000, -99.00,-99.000, -99.00,-99.000, -99.00,-99.000, -99.00,-99.000, -99.00,-99.000, -99.00,-99.000, -99.00,-99.000, -99.00,-99.000, -99.00,
8/9/2016 16:42:00, 11.8, 98.8,  0.8,  1.1, 12.649, 29.75,  0.0,  0.0,  0.040,  34.88,  0.013, 308.66,  0.061, 158.90,  0.065, 140.65,  0.047,   7.28,  0.063, 270.91,  0.030, 279.46,  0.099, 312.55,  0.080, 302.69,  0.039,  53.43,-99.000, -99.00,-99.000, -99.00,-99.000, -99.00,-99.000, -99.00,-99.000, -99.00,-99.000, -99.00,-99.000, -99.00,-99.000, -99.00,-99.000, -99.00,-99.000, -99.00,
8/9/2016 16:43:00, 11.8, 98.8,  0.8,  1.1, 12.648, 29.74,  0.0,  0.0,  0.045, 288.03,  0.030, 119.98,  0.018, 299.36,  0.029, 119.25,  0.032, 106.19,  0.073, 106.70,  0.037, 183.09,  0.075, 315.00,  0.097, 349.96,  0.054, 271.06,-99.000, -99.00,-99.000, -99.00,-99.000, -99.00,-99.000, -99.00,-99.000, -99.00,-99.000, -99.00,-99.000, -99.00,-99.000, -99.00,-99.000, -99.00,-99.000, -99.00,
8/9/2016 16:44:00, 11.8, 98.8,  0.8,  1.1, 12.646, 29.74,  0.0,  0.0,  0.020, 333.43,  0.057, 255.72,  0.010, 101.31,  0.057, 143.53,  0.045, 198.03,  0.015, 216.87,  0.051, 296.57,  0.114, 302.86,  0.113, 338.67,  0.110, 317.94,-99.000, -99.00,-99.000, -99.00,-99.000, -99.00,-99.000, -99.00,-99.000, -99.00,-99.000, -99.00,-99.000, -99.00,-99.000, -99.00,-99.000, -99.00,-99.000, -99.00,
8/9/2016 16:45:00, 11.8, 98.8,  0.8,  1.1, 12.648, 29.74,  0.0,  0.0,  0.061, 172.41,  0.012,  65.56,  0.035,  98.13,  0.032, 259.05,  0.041, 240.95,  0.077, 241.09,  0.037, 270.00,  0.111, 308.42,  0.151, 300.31,  0.114, 343.64,-99.000, -99.00,-99.000, -99.00,-99.000, -99.00,-99.000, -99.00,-99.000, -99.00,-99.000, -99.00,-99.000, -99.00,-99.000, -99.00,-99.000, -99.00,-99.000, -99.00,
8/9/2016 16:46:00, 11.8, 98.7,  0.7,  1.1, 12.648, 29.73,  0.0,  0.0,  0.068, 301.83,  0.059, 358.06,  0.046, 196.46,  0.052, 232.03,  0.065, 180.88,  0.025, 318.18,  0.060, 298.69,  0.180, 288.43,  0.133, 289.39,  0.170, 333.89,-99.000, -99.00,-99.000, -99.00,-99.000, -99.00,-99.000, -99.00,-99.000, -99.00,-99.000, -99.00,-99.000, -99.00,-99.000, -99.00,-99.000, -99.00,-99.000, -99.00,
8/9/2016 16:47:00, 11.8, 98.8,  0.7,  1.1, 12.647, 29.73,  0.0,  0.0,  0.016, 277.13,  0.081, 265.06,  0.050, 121.16,  0.033, 259.38,  0.041, 167.32,  0.013,  22.62,  0.128, 303.57,  0.165, 301.86,  0.084, 299.32,  0.040, 281.59,-99.000, -99.00,-99.000, -99.00,-99.000, -99.00,-99.000, -99.00,-99.000, -99.00,-99.000, -99.00,-99.000, -99.00,-99.000, -99.00,-99.000, -99.00,-99.000, -99.00,
8/9/2016 16:48:00, 11.8, 98.8,  0.7,  1.1, 12.647, 29.73,  0.0,  0.0,  0.008, 299.74,  0.062,  29.05,  0.072, 103.65,  0.052, 343.30,  0.047, 226.74,  0.062, 227.60,  0.086, 313.58,  0.120, 291.00,  0.110, 272.08,  0.139, 304.15,-99.000, -99.00,-99.000, -99.00,-99.000, -99.00,-99.000, -99.00,-99.000, -99.00,-99.000, -99.00,-99.000, -99.00,-99.000, -99.00,-99.000, -99.00,-99.000, -99.00,
8/9/2016 16:49:00, 11.8, 98.7,  0.7,  1.1, 12.645, 29.73,  0.0,  0.0,  0.021, 117.76,  0.084,  76.29,  0.077, 112.91,  0.024, 218.29,  0.044,  36.61,  0.066, 327.99,  0.109, 337.42,  0.094, 293.84,  0.098, 310.03,  0.091, 319.47,-99.000, -99.00,-99.000, -99.00,-99.000, -99.00,-99.000, -99.00,-99.000, -99.00,-99.000, -99.00,-99.000, -99.00,-99.000, -99.00,-99.000, -99.00,-99.000, -99.00,
8/9/2016 16:50:00, 11.8, 98.9,  0.7,  1.1, 12.640, 29.73,  0.0,  0.0,  0.030, 131.01,  0.036, 110.92,  0.087, 201.56,  0.060, 206.57,  0.037, 247.62,  0.081, 318.01,  0.095, 312.44,  0.028, 157.07,  0.059, 316.36,  0.085, 324.07,-99.000, -99.00,-99.000, -99.00,-99.000, -99.00,-99.000, -99.00,-99.000, -99.00,-99.000, -99.00,-99.000, -99.00,-99.000, -99.00,-99.000, -99.00,-99.000, -99.00,
8/9/2016 16:51:00, 11.8, 98.8,  0.7,  1.1, 12.636, 29.72,  0.0,  0.0,  0.012,  94.76,  0.093, 153.71,  0.046, 100.08,  0.022,  69.15,  0.013, 135.00,  0.075, 236.94,  0.073, 319.99,  0.033, 285.71,  0.112, 313.55,  0.162, 316.25,-99.000, -99.00,-99.000, -99.00,-99.000, -99.00,-99.000, -99.00,-99.000, -99.00,-99.000, -99.00,-99.000, -99.00,-99.000, -99.00,-99.000, -99.00,-99.000, -99.00,
8/9/2016 16:52:00, 11.8, 98.8,  0.7,  1.1, 12.635, 29.72,  0.0,  0.0,  0.093, 121.81,  0.050, 175.43,  0.022, 204.23,  0.063, 278.26,  0.058, 353.12,  0.108, 294.66,  0.144, 309.09,  0.081, 263.66,  0.160, 332.79,  0.115,   3.48,-99.000, -99.00,-99.000, -99.00,-99.000, -99.00,-99.000, -99.00,-99.000, -99.00,-99.000, -99.00,-99.000, -99.00,-99.000, -99.00,-99.000, -99.00,-99.000, -99.00,
8/9/2016 16:53:00, 11.8, 98.8,  0.7,  1.1, 12.638, 29.72,  0.0,  0.0,  0.064, 186.24,  0.048, 117.10,  0.042, 120.26,  0.024, 209.74,  0.038, 291.80,  0.089, 264.86,  0.134, 290.46,  0.027, 304.29,  0.071, 347.74,  0.044,  34.78,-99.000, -99.00,-99.000, -99.00,-99.000, -99.00,-99.000, -99.00,-99.000, -99.00,-99.000, -99.00,-99.000, -99.00,-99.000, -99.00,-99.000, -99.00,-99.000, -99.00,
8/9/2016 16:54:00, 11.8, 98.8,  0.7,  1.1, 12.648, 29.71,  0.0,  0.0,  0.025,  83.16,  0.080, 161.11,  0.043,  29.58,  0.053, 242.95,  0.035, 236.77,  0.081, 248.20,  0.111, 273.09,  0.087, 305.15,  0.057, 316.43,  0.085, 309.29,-99.000, -99.00,-99.000, -99.00,-99.000, -99.00,-99.000, -99.00,-99.000, -99.00,-99.000, -99.00,-99.000, -99.00,-99.000, -99.00,-99.000, -99.00,-99.000, -99.00,
8/9/2016 16:55:00, 11.8, 98.7,  0.7,  1.1, 12.654, 29.71,  0.0,  0.0,  0.019, 258.11,  0.015,  15.95,  0.098,  74.69,  0.018, 192.53,  0.084, 237.63,  0.113, 311.04,  0.118, 291.35,  0.091, 313.67,  0.080, 288.89,  0.119, 306.77,-99.000, -99.00,-99.000, -99.00,-99.000, -99.00,-99.000, -99.00,-99.000, -99.00,-99.000, -99.00,-99.000, -99.00,-99.000, -99.00,-99.000, -99.00,-99.000, -99.00,
8/9/2016 16:56:00, 11.8, 98.8,  0.7,  1.1, 12.658, 29.71,  0.0,  0.0,  0.016, 270.00,  0.099, 184.62,  0.041, 135.00,  0.054, 122.23,  0.005, 101.31,  0.080, 320.56,  0.168, 300.38,  0.124, 301.12,  0.124, 315.65,  0.131, 290.50,-99.000, -99.00,-99.000, -99.00,-99.000, -99.00,-99.000, -99.00,-99.000, -99.00,-99.000, -99.00,-99.000, -99.00,-99.000, -99.00,-99.000, -99.00,-99.000, -99.00,
8/9/2016 16:57:00, 11.8, 98.8,  0.7,  1.1, 12.655, 29.71,  0.0,  0.0,  0.061, 212.91,  0.025, 165.96,  0.020,  45.00,  0.056, 293.33,  0.066, 292.29,  0.057, 287.47,  0.069, 296.57,  0.089, 332.57,  0.111, 307.69,  0.087, 298.93,-99.000, -99.00,-99.000, -99.00,-99.000, -99.00,-99.000, -99.00,-99.000, -99.00,-99.000, -99.00,-99.000, -99.00,-99.000, -99.00,-99.000, -99.00,-99.000, -99.00,
8/9/2016 16:58:00, 11.8, 98.8,  0.7,  1.1, 12.656, 29.71,  0.0,  0.0,  0.045, 145.95,  0.060,  72.47,  0.061,  10.39,  0.099, 191.08,  0.113, 255.10,  0.084, 286.50,  0.088, 258.18,  0.178, 304.67,  0.123, 326.96,  0.054, 340.56,-99.000, -99.00,-99.000, -99.00,-99.000, -99.00,-99.000, -99.00,-99.000, -99.00,-99.000, -99.00,-99.000, -99.00,-99.000, -99.00,-99.000, -99.00,-99.000, -99.00,
8/9/2016 16:59:00, 11.8, 98.7,  0.7,  1.1, 12.657, 29.71,  0.0,  0.0,  0.027,  66.25,  0.055, 165.20,  0.006, 128.66,  0.070,  78.53,  0.045, 345.96,  0.087, 297.45,  0.106, 311.95,  0.150, 319.61,  0.053, 307.30,  0.031,  45.00,-99.000, -99.00,-99.000, -99.00,-99.000, -99.00,-99.000, -99.00,-99.000, -99.00,-99.000, -99.00,-99.000, -99.00,-99.000, -99.00,-99.000, -99.00,-99.000, -99.00,
8/9/2016 17:00:00, 11.8, 98.9,  0.7,  1.1, 12.655, 29.71,  0.0,  0.0,  0.046,  62.88,  0.039,  75.26,  0.039, 147.53,  0.105, 151.00,  0.015,  74.05,  0.030, 291.45,  0.068, 319.76,  0.114, 311.09,  0.109, 308.66,  0.049, 292.89,-99.000, -99.00,-99.000, -99.00,-99.000, -99.00,-99.000, -99.00,-99.000, -99.00,-99.000, -99.00,-99.000, -99.00,-99.000, -99.00,-99.000, -99.00,-99.000, -99.00,
8/9/2016 17:01:00, 11.8, 98.8,  0.7,  1.1, 12.651, 29.71,  0.0,  0.0,  0.070,  39.17,  0.099,  61.62,  0.107,  83.54,  0.056,  70.28,  0.013,  48.01,  0.039,   4.40,  0.082, 284.89,  0.142, 310.43,  0.071, 274.83,  0.070, 356.73,-99.000, -99.00,-99.000, -99.00,-99.000, -99.00,-99.000, -99.00,-99.000, -99.00,-99.000, -99.00,-99.000, -99.00,-99.000, -99.00,-99.000, -99.00,-99.000, -99.00,
8/9/2016 17:02:00, 11.8, 98.9,  0.7,  1.1, 12.646, 29.71,  0.0,  0.0,  0.033,   0.00,  0.048, 172.87,  0.015, 191.31,  0.006, 288.43,  0.045, 264.92,  0.065, 312.51,  0.050, 311.73,  0.151, 289.76,  0.127, 286.01,  0.060, 285.42,-99.000, -99.00,-99.000, -99.00,-99.000, -99.00,-99.000, -99.00,-99.000, -99.00,-99.000, -99.00,-99.000, -99.00,-99.000, -99.00,-99.000, -99.00,-99.000, -99.00,
8/9/2016 17:03:00, 11.8, 98.7,  0.7,  1.1, 12.651, 29.70,  0.0,  0.0,  0.102, 151.93,  0.049, 145.01,  0.041,  90.00,  0.043,  35.54,  0.059, 227.07,  0.106, 271.08,  0.148, 299.17,  0.087, 319.69,  0.080, 318.54,  0.128, 314.05,-99.000, -99.00,-99.000, -99.00,-99.000, -99.00,-99.000, -99.00,-99.000, -99.00,-99.000, -99.00,-99.000, -99.00,-99.000, -99.00,-99.000, -99.00,-99.000, -99.00,
8/9/2016 17:04:00, 11.8, 98.8,  0.7,  1.1, 12.645, 29.70,  0.0,  0.0,  0.072, 189.59,  0.008, 209.74,  0.043,  61.07,  0.079,  98.03,  0.076, 283.67,  0.116, 283.44,  0.103, 289.32,  0.171, 317.61,  0.164, 283.36,  0.098, 296.57,-99.000, -99.00,-99.000, -99.00,-99.000, -99.00,-99.000, -99.00,-99.000, -99.00,-99.000, -99.00,-99.000, -99.00,-99.000, -99.00,-99.000, -99.00,-99.000, -99.00,
8/9/2016 17:05:00, 11.8, 98.8,  0.7,  1.1, 12.650, 29.70,  0.0,  0.0,  0.017, 241.93,  0.103, 111.08,  0.078,  64.09,  0.003,  90.00,  0.038, 289.86,  0.102, 297.32,  0.074, 300.03,  0.104, 276.65,  0.179, 290.97,  0.065, 269.12,-99.000, -99.00,-99.000, -99.00,-99.000, -99.00,-99.000, -99.00,-99.000, -99.00,-99.000, -99.00,-99.000, -99.00,-99.000, -99.00,-99.000, -99.00,-99.000, -99.00,
8/9/2016 17:06:00, 11.8, 98.7,  0.7,  1.1, 12.652, 29.70,  0.0,  0.0,  0.059, 302.62,  0.039, 355.60,  0.080, 130.45,  0.035,  66.37,  0.090, 296.28,  0.153, 319.52,  0.122, 325.66,  0.123, 292.41,  0.181, 294.16,  0.098, 256.39,-99.000, -99.00,-99.000, -99.00,-99.000, -99.00,-99.000, -99.00,-99.000, -99.00,-99.000, -99.00,-99.000, -99.00,-99.000, -99.00,-99.000, -99.00,-99.000, -99.00,
8/9/2016 17:07:00, 11.8, 98.9,  0.7,  1.1, 12.650, 29.70,  0.0,  0.0,  0.079,  47.58,  0.028, 192.53,  0.033, 203.43,  0.036, 141.84,  0.072, 306.55,  0.124, 272.31,  0.104, 315.39,  0.152, 281.75,  0.079, 266.38,  0.077, 326.73,-99.000, -99.00,-99.000, -99.00,-99.000, -99.00,-99.000, -99.00,-99.000, -99.00,-99.000, -99.00,-99.000, -99.00,-99.000, -99.00,-99.000, -99.00,-99.000, -99.00,
8/9/2016 17:08:00, 11.8, 98.8,  0.7,  1.1, 12.650, 29.70,  0.0,  0.0,  0.056,  86.93,  0.009, 324.46,  0.034,  72.65,  0.036, 263.66,  0.047, 282.26,  0.078, 298.20,  0.093, 305.39,  0.053, 303.39,  0.104, 258.91,  0.132, 312.54,-99.000, -99.00,-99.000, -99.00,-99.000, -99.00,-99.000, -99.00,-99.000, -99.00,-99.000, -99.00,-99.000, -99.00,-99.000, -99.00,-99.000, -99.00,-99.000, -99.00,
8/9/2016 17:09:00, 11.8, 98.8,  0.7,  1.1, 12.653, 29.70,  0.0,  0.0,  0.069,  25.82,  0.028,  10.12,  0.036, 149.86,  0.065, 341.29,  0.093, 276.82,  0.120, 303.82,  0.118, 286.28,  0.059, 319.82,  0.101, 268.30,  0.057, 291.61,-99.000, -99.00,-99.000, -99.00,-99.000, -99.00,-99.000, -99.00,-99.000, -99.00,-99.000, -99.00,-99.000, -99.00,-99.000, -99.00,-99.000, -99.00,-99.000, -99.00,
8/9/2016 17:10:00, 11.8, 98.8,  0.7,  1.1, 12.648, 29.70,  0.0,  0.0,  0.058,  46.40,  0.004, 326.31,  0.033,  49.97,  0.017,  10.01,  0.033,  25.02,  0.088, 319.61,  0.182, 291.92,  0.061, 294.06,  0.072, 296.21,  0.152, 265.08,-99.000, -99.00,-99.000, -99.00,-99.000, -99.00,-99.000, -99.00,-99.000, -99.00,-99.000, -99.00,-99.000, -99.00,-99.000, -99.00,-99.000, -99.00,-99.000, -99.00,
8/9/2016 17:11:00, 11.8, 98.8,  0.7,  1.1, 12.651, 29.69,  0.0,  0.0,  0.034, 315.00,  0.069, 112.11,  0.075, 106.26,  0.011, 142.13,  0.054, 324.83,  0.095, 340.99,  0.083, 293.47,  0.081, 313.99,  0.087, 313.60,  0.112, 308.82,-99.000, -99.00,-99.000, -99.00,-99.000, -99.00,-99.000, -99.00,-99.000, -99.00,-99.000, -99.00,-99.000, -99.00,-99.000, -99.00,-99.000, -99.00,-99.000, -99.00,
8/9/2016 17:12:00, 11.8, 98.7,  0.7,  1.1, 12.650, 29.69,  0.0,  0.0,  0.029, 104.04,  0.025, 336.50,  0.027, 252.90,  0.016,  26.57,  0.124, 292.23,  0.112, 313.55,  0.105, 287.22,  0.137, 318.26,  0.099, 324.87,  0.119, 262.76,-99.000, -99.00,-99.000, -99.00,-99.000, -99.00,-99.000, -99.00,-99.000, -99.00,-99.000, -99.00,-99.000, -99.00,-99.000, -99.00,-99.000, -99.00,-99.000, -99.00,
8/9/2016 17:13:00, 11.8, 98.8,  0.7,  1.1, 12.652, 29.69,  0.0,  0.0,  0.021,  87.27,  0.039, 324.29,  0.041,  57.85,  0.121, 352.87,  0.065,  28.54,  0.071, 302.35,  0.100, 313.78,  0.082, 284.89,  0.025, 348.69,  0.056, 237.45,-99.000, -99.00,-99.000, -99.00,-99.000, -99.00,-99.000, -99.00,-99.000, -99.00,-99.000, -99.00,-99.000, -99.00,-99.000, -99.00,-99.000, -99.00,-99.000, -99.00,
8/9/2016 17:14:00, 11.8, 98.8,  0.7,  1.1, 12.652, 29.69,  0.0,  0.0,  0.094,  34.20,  0.087, 113.03,  0.021, 180.00,  0.098,  35.47,  0.039,  13.32,  0.132, 301.41,  0.070, 284.04,  0.111, 294.02,  0.176, 300.35,  0.038, 256.33,-99.000, -99.00,-99.000, -99.00,-99.000, -99.00,-99.000, -99.00,-99.000, -99.00,-99.000, -99.00,-99.000, -99.00,-99.000, -99.00,-99.000, -99.00,-99.000, -99.00,
8/9/2016 17:15:00, 11.8, 98.8,  0.7,  1.1, 12.651, 29.69,  0.0,  0.0,  0.041, 332.18,  0.017,  61.93,  0.006, 231.34,  0.022, 302.28,  0.060,  50.44,  0.123, 352.07,  0.052, 332.45,  0.149, 270.00,  0.141, 289.46,  0.067,  74.52,-99.000, -99.00,-99.000, -99.00,-99.000, -99.00,-99.000, -99.00,-99.000, -99.00,-99.000, -99.00,-99.000, -99.00,-99.000, -99.00,-99.000, -99.00,-99.000, -99.00,
8/9/2016 17:16:00, 11.8, 98.7,  0.7,  1.1, 12.647, 29.68,  0.0,  0.0,  0.070,  50.83,  0.025, 279.09,  0.029, 114.78,  0.083,  94.82,  0.069, 329.74,  0.040,  66.61,  0.094, 252.72,  0.073, 278.69,  0.096,  16.93,  0.137, 349.10,-99.000, -99.00,-99.000, -99.00,-99.000, -99.00,-99.000, -99.00,-99.000, -99.00,-99.000, -99.00,-99.000, -99.00,-99.000, -99.00,-99.000, -99.00,-99.000, -99.00,
8/9/2016 17:17:00, 11.8, 98.9,  0.7,  1.1, 12.643, 29.68,  0.0,  0.0,  0.037,  14.04,  0.046,  40.60,  0.041,  60.95,  0.055,  28.44,  0.099, 316.64,  0.092, 299.36,  0.041, 242.18,  0.083, 263.05,  0.105, 291.70,  0.126, 339.55,-99.000, -99.00,-99.000, -99.00,-99.000, -99.00,-99.000, -99.00,-99.000, -99.00,-99.000, -99.00,-99.000, -99.00,-99.000, -99.00,-99.000, -99.00,-99.000, -99.00,
8/9/2016 17:18:00, 11.8, 98.8,  0.7,  1.1, 12.645, 29.68,  0.0,  0.0,  0.055,  30.78,  0.021, 311.19,  0.056, 351.72,  0.072, 315.00,  0.028,  30.26,  0.039, 297.22,  0.145, 308.29,  0.113, 271.01,  0.157, 311.63,  0.138, 337.35,-99.000, -99.00,-99.000, -99.00,-99.000, -99.00,-99.000, -99.00,-99.000, -99.00,-99.000, -99.00,-99.000, -99.00,-99.000, -99.00,-99.000, -99.00,-99.000, -99.00,
8/9/2016 17:19:00, 11.8, 98.8,  0.7,  1.1, 12.646, 29.68,  0.0,  0.0,  0.057, 277.00,  0.048,  77.99,  0.013,  26.57,  0.030, 122.62,  0.037,  30.70,  0.100, 328.54,  0.094, 286.70,  0.082, 290.64,  0.053, 321.17,  0.175, 317.55,-99.000, -99.00,-99.000, -99.00,-99.000, -99.00,-99.000, -99.00,-99.000, -99.00,-99.000, -99.00,-99.000, -99.00,-99.000, -99.00,-99.000, -99.00,-99.000, -99.00,
8/9/2016 17:20:00, 11.8, 98.9,  0.7,  1.1, 12.648, 29.67,  0.0,  0.0,  0.038, 245.43,  0.026, 351.25,  0.015,  42.27,  0.019, 168.11,  0.095, 285.20,  0.190, 291.30,  0.149, 279.27,  0.096, 312.47,  0.174, 345.00,  0.109, 327.77,-99.000, -99.00,-99.000, -99.00,-99.000, -99.00,-99.000, -99.00,-99.000, -99.00,-99.000, -99.00,-99.000, -99.00,-99.000, -99.00,-99.000, -99.00,-99.000, -99.00,
8/9/2016 17:21:00, 11.8, 98.9,  0.7,  1.1, 12.643, 29.67,  0.0,  0.0,  0.038,  33.27,  0.053,  51.17,  0.073,  55.65,  0.046, 334.00,  0.052, 268.90,  0.133, 327.86,  0.102, 327.88,  0.156, 316.81,  0.177, 311.79,  0.136, 334.19,-99.000, -99.00,-99.000, -99.00,-99.000, -99.00,-99.000, -99.00,-99.000, -99.00,-99.000, -99.00,-99.000, -99.00,-99.000, -99.00,-99.000, -99.00,-99.000, -99.00,
8/9/2016 17:22:00, 11.8, 98.8,  0.7,  1.1, 12.646, 29.67,  0.0,  0.0,  0.033,  27.35,  0.015, 336.80,  0.080, 350.66,  0.023, 331.19,  0.073, 301.50,  0.099, 330.33,  0.169, 273.72,  0.089, 301.18,  0.005,  53.13,  0.074, 315.00,-99.000, -99.00,-99.000, -99.00,-99.000, -99.00,-99.000, -99.00,-99.000, -99.00,-99.000, -99.00,-99.000, -99.00,-99.000, -99.00,-99.000, -99.00,-99.000, -99.00,
8/9/2016 17:23:00, 11.8, 98.9,  0.7,  1.1, 12.653, 29.67,  0.0,  0.0,  0.082,  54.95,  0.026,   8.75,  0.065,  71.00,  0.074, 318.81,  0.110, 334.60,  0.107, 292.50,  0.102, 281.86,  0.081, 297.82,  0.160, 313.99,  0.086, 322.07,-99.000, -99.00,-99.000, -99.00,-99.000, -99.00,-99.000, -99.00,-99.000, -99.00,-99.000, -99.00,-99.000, -99.00,-99.000, -99.00,-99.000, -99.00,-99.000, -99.00,
8/9/2016 17:24:00, 11.8, 98.8,  0.7,  1.1, 12.650, 29.67,  0.0,  0.0,  0.063, 359.09,  0.124,  80.23,  0.048,  51.71,  0.024, 218.29,  0.144, 315.85,  0.134, 269.57,  0.134, 277.28,  0.117, 302.47,  0.085, 305.38,  0.072, 320.09,-99.000, -99.00,-99.000, -99.00,-99.000, -99.00,-99.000, -99.00,-99.000, -99.00,-99.000, -99.00,-99.000, -99.00,-99.000, -99.00,-99.000, -99.00,-99.000, -99.00,
8/9/2016 17:25:00, 11.8, 98.8,  0.7,  1.1, 12.652, 29.67,  0.0,  0.0,  0.024,  27.65,  0.036, 301.50,  0.027,  15.07,  0.068, 344.74,  0.071, 323.62,  0.136, 334.19,  0.145, 308.29,  0.107, 320.33,  0.119, 315.68,  0.094, 337.52,-99.000, -99.00,-99.000, -99.00,-99.000, -99.00,-99.000, -99.00,-99.000, -99.00,-99.000, -99.00,-99.000, -99.00,-99.000, -99.00,-99.000, -99.00,-99.000, -99.00,
8/9/2016 17:26:00, 11.8, 98.8,  0.7,  1.1, 12.652, 29.67,  0.0,  0.0,  0.095, 354.59,  0.080, 329.90,  0.059, 308.81,  0.050, 305.27,  0.086, 315.47,  0.161, 327.20,  0.170, 314.05,  0.028, 317.86,  0.158, 309.85,  0.089, 302.07,-99.000, -99.00,-99.000, -99.00,-99.000, -99.00,-99.000, -99.00,-99.000, -99.00,-99.000, -99.00,-99.000, -99.00,-99.000, -99.00,-99.000, -99.00,-99.000, -99.00,
8/9/2016 17:27:00, 11.8, 98.8,  0.7,  1.1, 12.650, 29.66,  0.0,  0.0,  0.024, 202.25,  0.030, 156.04,  0.027, 301.33,  0.063, 281.84,  0.163, 279.52,  0.128, 329.42,  0.112, 340.76,  0.097, 340.07,  0.075, 254.48,  0.032, 331.82,-99.000, -99.00,-99.000, -99.00,-99.000, -99.00,-99.000, -99.00,-99.000, -99.00,-99.000, -99.00,-99.000, -99.00,-99.000, -99.00,-99.000, -99.00,-99.000, -99.00,
8/9/2016 17:28:00, 11.8, 98.9,  0.7,  1.1, 12.648, 29.66,  0.0,  0.0,  0.092, 322.51,  0.070, 320.19,  0.093, 300.96,  0.100, 308.93,  0.091,   0.00,  0.129, 343.81,  0.112, 335.73,  0.113, 338.67,  0.125, 344.74,  0.021, 322.59,-99.000, -99.00,-99.000, -99.00,-99.000, -99.00,-99.000, -99.00,-99.000, -99.00,-99.000, -99.00,-99.000, -99.00,-99.000, -99.00,-99.000, -99.00,-99.000, -99.00,
8/9/2016 17:29:00, 11.8, 98.9,  0.7,  1.1, 12.644, 29.66,  0.0,  0.0,  0.072, 324.09,  0.020, 315.00,  0.078, 315.00,  0.132, 331.88,  0.192, 359.70,  0.094, 337.52,  0.107, 343.76,  0.108, 317.62,  0.110, 344.70,  0.046, 335.66,-99.000, -99.00,-99.000, -99.00,-99.000, -99.00,-99.000, -99.00,-99.000, -99.00,-99.000, -99.00,-99.000, -99.00,-99.000, -99.00,-99.000, -99.00,-99.000, -99.00,
8/9/2016 17:30:00, 11.8, 98.9,  0.7,  1.1, 12.637, 29.66,  0.0,  0.0,  0.132, 313.15,  0.074,  20.65,  0.079, 312.42,  0.150, 319.07,  0.142, 312.71,  0.124, 297.80,  0.132, 316.85,  0.171, 327.89,  0.184, 318.76,  0.091, 306.49,-99.000, -99.00,-99.000, -99.00,-99.000, -99.00,-99.000, -99.00,-99.000, -99.00,-99.000, -99.00,-99.000, -99.00,-99.000, -99.00,-99.000, -99.00,-99.000, -99.00,
8/9/2016 17:31:00, 11.8, 98.8,  0.7,  1.1, 12.635, 29.66,  0.0,  0.0,  0.053,  19.80,  0.107, 303.54,  0.088, 315.00,  0.062, 311.10,  0.062, 315.66,  0.110, 328.32,  0.099, 312.55,  0.105, 290.68,  0.162, 309.49,  0.197, 309.43,-99.000, -99.00,-99.000, -99.00,-99.000, -99.00,-99.000, -99.00,-99.000, -99.00,-99.000, -99.00,-99.000, -99.00,-99.000, -99.00,-99.000, -99.00,-99.000, -99.00,
8/9/2016 17:32:00, 11.8, 98.9,  0.7,  1.1, 12.639, 29.66,  0.0,  0.0,  0.074, 339.35,  0.066, 350.39,  0.083, 357.24,  0.045, 317.73,  0.106, 339.51,  0.143, 308.47,  0.076, 317.68,  0.152, 304.53,  0.163, 314.50,  0.145, 303.14,-99.000, -99.00,-99.000, -99.00,-99.000, -99.00,-99.000, -99.00,-99.000, -99.00,-99.000, -99.00,-99.000, -99.00,-99.000, -99.00,-99.000, -99.00,-99.000, -99.00,
8/9/2016 17:33:00, 11.8, 98.8,  0.7,  1.1, 12.641, 29.66,  0.0,  0.0,  0.033, 186.91,  0.031, 180.00,  0.016, 266.42,  0.114, 301.31,  0.064, 297.76,  0.112, 330.45,  0.118, 329.95,  0.101, 310.17,  0.161, 313.99,  0.140, 300.96,-99.000, -99.00,-99.000, -99.00,-99.000, -99.00,-99.000, -99.00,-99.000, -99.00,-99.000, -99.00,-99.000, -99.00,-99.000, -99.00,-99.000, -99.00,-99.000, -99.00,
8/9/2016 17:34:00, 11.8, 98.8,  0.7,  1.1, 12.639, 29.66,  0.0,  0.0,  0.045, 234.90,  0.075, 331.39,  0.079,  27.86,  0.135, 293.53,  0.164, 308.82,  0.135, 307.80,  0.112, 302.28,  0.147, 271.17,  0.156, 266.70,  0.098, 348.23,-99.000, -99.00,-99.000, -99.00,-99.000, -99.00,-99.000, -99.00,-99.000, -99.00,-99.000, -99.00,-99.000, -99.00,-99.000, -99.00,-99.000, -99.00,-99.000, -99.00,
8/9/2016 17:35:00, 11.8, 98.7,  0.7,  1.1, 12.637, 29.66,  0.0,  0.0,  0.045,  12.80,  0.102, 356.07,  0.161, 320.79,  0.100, 303.53,  0.091, 303.34,  0.150, 316.08,  0.131, 348.52,  0.109, 323.97,  0.102, 295.56,  0.111, 312.45,-99.000, -99.00,-99.000, -99.00,-99.000, -99.00,-99.000, -99.00,-99.000, -99.00,-99.000, -99.00,-99.000, -99.00,-99.000, -99.00,-99.000, -99.00,-99.000, -99.00,
8/9/2016 17:36:00, 11.8, 98.8,  0.7,  1.1, 12.641, 29.65,  0.0,  0.0,  0.028, 325.18,  0.039, 281.89,  0.026,  20.56,  0.113, 299.74,  0.089, 355.50,  0.119, 303.69,  0.082, 293.11,  0.052, 305.54,  0.090, 315.45,  0.133, 310.74,-99.000, -99.00,-99.000, -99.00,-99.000, -99.00,-99.000, -99.00,-99.000, -99.00,-99.000, -99.00,-99.000, -99.00,-99.000, -99.00,-99.000, -99.00,-99.000, -99.00,
8/9/2016 17:37:00, 11.8, 98.7,  0.7,  1.1, 12.641, 29.65,  0.0,  0.0,  0.054, 180.00,  0.092,  12.53,  0.057, 296.11,  0.087, 297.45,  0.119, 292.25,  0.124, 318.60,  0.072,   1.59,  0.072,   8.02,  0.058, 341.88,  0.067, 308.93,-99.000, -99.00,-99.000, -99.00,-99.000, -99.00,-99.000, -99.00,-99.000, -99.00,-99.000, -99.00,-99.000, -99.00,-99.000, -99.00,-99.000, -99.00,-99.000, -99.00,
8/9/2016 17:38:00, 11.8, 98.8,  0.7,  1.1, 12.649, 29.65,  0.0,  0.0,  0.097, 338.75,  0.037, 299.36,  0.068, 308.40,  0.151, 281.09,  0.143, 302.47,  0.173, 325.58,  0.113, 319.67,  0.069, 354.21,  0.083, 295.64,  0.056, 183.07,-99.000, -99.00,-99.000, -99.00,-99.000, -99.00,-99.000, -99.00,-99.000, -99.00,-99.000, -99.00,-99.000, -99.00,-99.000, -99.00,-99.000, -99.00,-99.000, -99.00,
8/9/2016 17:39:00, 11.8, 98.8,  0.7,  1.1, 12.651, 29.65,  0.0,  0.0,  0.026, 267.80,  0.030, 295.71,  0.118, 334.31,  0.052, 301.53,  0.099, 330.33,  0.109, 322.82,  0.079, 320.66,  0.152, 300.77,  0.113, 321.81,  0.074, 318.30,-99.000, -99.00,-99.000, -99.00,-99.000, -99.00,-99.000, -99.00,-99.000, -99.00,-99.000, -99.00,-99.000, -99.00,-99.000, -99.00,-99.000, -99.00,-99.000, -99.00,
8/9/2016 17:40:00, 11.8, 98.8,  0.7,  1.1, 12.656, 29.65,  0.0,  0.0,  0.120, 345.50,  0.030, 332.59,  0.053, 352.48,  0.095, 324.46,  0.159, 326.81,  0.166, 309.63,  0.139, 332.51,  0.146, 326.20,  0.070, 340.79,  0.032,  25.77,-99.000, -99.00,-99.000, -99.00,-99.000, -99.00,-99.000, -99.00,-99.000, -99.00,-99.000, -99.00,-99.000, -99.00,-99.000, -99.00,-99.000, -99.00,-99.000, -99.00,
8/9/2016 17:41:00, 11.8, 98.9,  0.7,  1.1, 12.656, 29.65,  0.0,  0.0,  0.081,  45.50,  0.092,   0.00,  0.081, 311.52,  0.068, 307.21,  0.151, 312.04,  0.186, 327.77,  0.118, 318.08,  0.136, 299.95,  0.127, 328.19,  0.075, 334.80,-99.000, -99.00,-99.000, -99.00,-99.000, -99.00,-99.000, -99.00,-99.000, -99.00,-99.000, -99.00,-99.000, -99.00,-99.000, -99.00,-99.000, -99.00,-99.000, -99.00,
8/9/2016 17:42:00, 11.8, 98.8,  0.7,  1.1, 12.658, 29.65,  0.0,  0.0,  0.111, 336.19,  0.095, 328.83,  0.099, 317.45,  0.148, 296.57,  0.089, 332.57,  0.137, 335.87,  0.121, 320.38,  0.136, 311.42,  0.109, 312.77,  0.120, 300.64,-99.000, -99.00,-99.000, -99.00,-99.000, -99.00,-99.000, -99.00,-99.000, -99.00,-99.000, -99.00,-99.000, -99.00,-99.000, -99.00,-99.000, -99.00,-99.000, -99.00,
8/9/2016 17:43:00, 11.8, 98.8,  0.7,  1.1, 12.661, 29.65,  0.0,  0.0,  0.076,  37.48,  0.159, 352.43,  0.039, 311.88,  0.106, 337.30,  0.100, 306.07,  0.121, 333.43,  0.170, 315.24,  0.078, 334.09,  0.120, 328.30,  0.124, 332.61,-99.000, -99.00,-99.000, -99.00,-99.000, -99.00,-99.000, -99.00,-99.000, -99.00,-99.000, -99.00,-99.000, -99.00,-99.000, -99.00,-99.000, -99.00,-99.000, -99.00,
8/9/2016 17:44:00, 11.8, 98.8,  0.7,  1.1, 12.657, 29.65,  0.0,  0.0,  0.027,  45.00,  0.110, 295.87,  0.095, 274.21,  0.087, 320.62,  0.114, 315.36,  0.142, 321.84,  0.196, 339.34,  0.167, 352.45,  0.136, 338.36,  0.219, 357.12,-99.000, -99.00,-99.000, -99.00,-99.000, -99.00,-99.000, -99.00,-99.000, -99.00,-99.000, -99.00,-99.000, -99.00,-99.000, -99.00,-99.000, -99.00,-99.000, -99.00,
8/9/2016 17:45:00, 11.8, 98.7,  0.7,  1.1, 12.657, 29.65,  0.0,  0.0,  0.139, 326.42,  0.082, 352.27,  0.108, 358.94,  0.100, 315.00,  0.193, 335.16,  0.137, 327.82,  0.170, 349.48,  0.171, 356.99,  0.122, 338.90,  0.051, 346.50,-99.000, -99.00,-99.000, -99.00,-99.000, -99.00,-99.000, -99.00,-99.000, -99.00,-99.000, -99.00,-99.000, -99.00,-99.000, -99.00,-99.000, -99.00,-99.000, -99.00,
8/9/2016 17:46:00, 11.8, 98.9,  0.7,  1.1, 12.657, 29.65,  0.0,  0.0,  0.148, 322.13,  0.149, 315.27,  0.155, 297.23,  0.074, 313.90,  0.129, 358.22,  0.141, 337.44,  0.110, 342.06,  0.076, 281.31,  0.152, 342.40,  0.080,   7.21,-99.000, -99.00,-99.000, -99.00,-99.000, -99.00,-99.000, -99.00,-99.000, -99.00,-99.000, -99.00,-99.000, -99.00,-99.000, -99.00,-99.000, -99.00,-99.000, -99.00,
8/9/2016 17:47:00, 11.8, 98.9,  0.7,  1.1, 12.659, 29.65,  0.0,  0.0,  0.101, 356.60,  0.102, 294.30,  0.177, 328.65,  0.154, 335.92,  0.136, 323.05,  0.161, 322.56,  0.045, 292.04,  0.089, 332.00,  0.172, 342.09,  0.056, 341.24,-99.000, -99.00,-99.000, -99.00,-99.000, -99.00,-99.000, -99.00,-99.000, -99.00,-99.000, -99.00,-99.000, -99.00,-99.000, -99.00,-99.000, -99.00,-99.000, -99.00,
8/9/2016 17:48:00, 11.8, 98.8,  0.7,  1.1, 12.658, 29.65,  0.0,  0.0,  0.084, 301.79,  0.057, 282.09,  0.100, 315.00,  0.161, 349.25,  0.166, 337.75,  0.163, 330.30,  0.117,   0.00,  0.106, 349.11,  0.077, 309.24,  0.135, 282.39,-99.000, -99.00,-99.000, -99.00,-99.000, -99.00,-99.000, -99.00,-99.000, -99.00,-99.000, -99.00,-99.000, -99.00,-99.000, -99.00,-99.000, -99.00,-99.000, -99.00,
8/9/2016 17:49:00, 11.8, 98.9,  0.7,  1.1, 12.663, 29.65,  0.0,  0.0,  0.060, 310.91,  0.098, 334.74,  0.064, 312.46,  0.138, 337.35,  0.087, 336.37,  0.193,   2.37,  0.099, 347.78,  0.147, 354.91,  0.139, 352.57,  0.069,   9.19,-99.000, -99.00,-99.000, -99.00,-99.000, -99.00,-99.000, -99.00,-99.000, -99.00,-99.000, -99.00,-99.000, -99.00,-99.000, -99.00,-99.000, -99.00,-99.000, -99.00,
8/9/2016 17:50:00, 11.8, 98.9,  0.7,  1.1, 12.663, 29.65,  0.0,  0.0,  0.176, 328.48,  0.198, 296.44,  0.075, 259.29,  0.066, 326.79,  0.128, 331.64,  0.148, 338.63,  0.114, 347.31,  0.146, 341.19,  0.125,   3.66,  0.034,  20.56,-99.000, -99.00,-99.000, -99.00,-99.000, -99.00,-99.000, -99.00,-99.000, -99.00,-99.000, -99.00,-99.000, -99.00,-99.000, -99.00,-99.000, -99.00,-99.000, -99.00,
8/9/2016 17:51:00, 11.8, 98.8,  0.7,  1.1, 12.663, 29.65,  0.0,  0.0,  0.142, 306.15,  0.127, 328.57,  0.185, 295.60,  0.101, 337.99,  0.186, 318.70,  0.080, 333.11,  0.125, 341.27,  0.133, 338.84,  0.117, 332.56,  0.034, 358.32,-99.000, -99.00,-99.000, -99.00,-99.000, -99.00,-99.000, -99.00,-99.000, -99.00,-99.000, -99.00,-99.000, -99.00,-99.000, -99.00,-99.000, -99.00,-99.000, -99.00,
8/9/2016 17:52:00, 11.8, 98.8,  0.7,  1.1, 12.666, 29.65,  0.0,  0.0,  0.149, 314.73,  0.136, 300.89,  0.093, 339.81,  0.069, 333.43,  0.164, 326.41,  0.098, 349.38,  0.169, 337.38,  0.219, 317.59,  0.157, 342.26,  0.152,  27.41,-99.000, -99.00,-99.000, -99.00,-99.000, -99.00,-99.000, -99.00,-99.000, -99.00,-99.000, -99.00,-99.000, -99.00,-99.000, -99.00,-99.000, -99.00,-99.000, -99.00,
8/9/2016 17:53:00, 11.8, 98.9,  0.7,  1.1, 12.666, 29.65,  0.0,  0.0,  0.163, 330.30,  0.151, 333.27,  0.085, 334.33,  0.143, 318.40,  0.086, 356.67,  0.105, 316.55,  0.139, 355.03,  0.112,  18.76,  0.137, 357.49,  0.054, 297.51,-99.000, -99.00,-99.000, -99.00,-99.000, -99.00,-99.000, -99.00,-99.000, -99.00,-99.000, -99.00,-99.000, -99.00,-99.000, -99.00,-99.000, -99.00,-99.000, -99.00,
8/9/2016 17:54:00, 11.8, 98.9,  0.7,  1.1, 12.663, 29.65,  0.0,  0.0,  0.139, 347.96,  0.117, 293.71,  0.141, 313.28,  0.075,   0.76,  0.140, 334.71,  0.115, 352.01,  0.196, 314.79,  0.141, 324.51,  0.130, 327.90,  0.060,  10.56,-99.000, -99.00,-99.000, -99.00,-99.000, -99.00,-99.000, -99.00,-99.000, -99.00,-99.000, -99.00,-99.000, -99.00,-99.000, -99.00,-99.000, -99.00,-99.000, -99.00,
8/9/2016 17:55:00, 11.8, 98.8,  0.7,  1.1, 12.664, 29.65,  0.0,  0.0,  0.135, 312.90,  0.180, 307.76,  0.121, 337.67,  0.133, 309.20,  0.131, 326.19,  0.143, 331.65,  0.175, 315.46,  0.178,   2.57,  0.106, 330.05,  0.077, 282.04,-99.000, -99.00,-99.000, -99.00,-99.000, -99.00,-99.000, -99.00,-99.000, -99.00,-99.000, -99.00,-99.000, -99.00,-99.000, -99.00,-99.000, -99.00,-99.000, -99.00,
8/9/2016 17:56:00, 11.8, 98.7,  0.7,  1.1, 12.662, 29.65,  0.0,  0.0,  0.128, 292.55,  0.186, 299.59,  0.146, 305.22,  0.126, 337.52,  0.150, 332.58,  0.149, 337.91,  0.177, 323.97,  0.100, 356.57,  0.195, 347.88,  0.107, 335.60,-99.000, -99.00,-99.000, -99.00,-99.000, -99.00,-99.000, -99.00,-99.000, -99.00,-99.000, -99.00,-99.000, -99.00,-99.000, -99.00,-99.000, -99.00,-99.000, -99.00,
8/9/2016 17:57:00, 11.8, 98.8,  0.7,  1.1, 12.655, 29.65,  0.0,  0.0,  0.126, 292.48,  0.119, 296.35,  0.108, 285.07,  0.100, 308.13,  0.180, 351.06,  0.150, 339.26,  0.120, 316.35,  0.184, 319.20,  0.081,   2.83,  0.096, 347.99,-99.000, -99.00,-99.000, -99.00,-99.000, -99.00,-99.000, -99.00,-99.000, -99.00,-99.000, -99.00,-99.000, -99.00,-99.000, -99.00,-99.000, -99.00,-99.000, -99.00,
8/9/2016 17:58:00, 11.8, 98.9,  0.7,  1.1, 12.588, 29.65,  0.0,  0.0,  0.278, 302.66,  0.299, 313.51,  0.244, 322.99,  0.274, 328.75,  0.265, 325.77,  0.229, 328.18,  0.270, 326.96,  0.302, 321.73,  0.285, 332.18,  0.251, 327.51,-99.000, -99.00,-99.000, -99.00,-99.000, -99.00,-99.000, -99.00,-99.000, -99.00,-99.000, -99.00,-99.000, -99.00,-99.000, -99.00,-99.000, -99.00,-99.000, -99.00,
8/9/2016 17:59:00, 11.8,223.0,-48.9, 50.7, 12.520, 29.65,  0.0,  0.0,  0.212, 118.14,  0.259,  61.95,-99.000, -99.00,-99.000, -99.00,-99.000, -99.00,-99.000, -99.00,-99.000, -99.00,-99.000, -99.00,-99.000, -99.00,-99.000, -99.00,-99.000, -99.00,-99.000, -99.00,-99.000, -99.00,-99.000, -99.00,-99.000, -99.00,-99.000, -99.00,-99.000, -99.00,-99.000, -99.00,-99.000, -99.00,-99.000, -99.00,
8/9/2016 18:00:00, 11.8,209.9, 51.2, 50.9, 12.283, 29.65,  0.0,  0.0,  0.395,  92.32,-99.000, -99.00,-99.000, -99.00,-99.000, -99.00,-99.000, -99.00,-99.000, -99.00,-99.000, -99.00,-99.000, -99.00,-99.000, -99.00,-99.000, -99.00,-99.000, -99.00,-99.000, -99.00,-99.000, -99.00,-99.000, -99.00,-99.000, -99.00,-99.000, -99.00,-99.000, -99.00,-99.000, -99.00,-99.000, -99.00,-99.000, -99.00,
8/9/2016 18:01:00, 11.8,346.6, 56.6, 18.6, 12.902, 29.66,  0.0,  0.0,  0.224, 122.98,  0.234, 104.63,  0.204, 119.33,-99.000, -99.00,-99.000, -99.00,-99.000, -99.00,-99.000, -99.00,-99.000, -99.00,-99.000, -99.00,-99.000, -99.00,-99.000, -99.00,-99.000, -99.00,-99.000, -99.00,-99.000, -99.00,-99.000, -99.00,-99.000, -99.00,-99.000, -99.00,-99.000, -99.00,-99.000, -99.00,-99.000, -99.00,
8/9/2016 18:02:00, 11.8,209.2, 17.9,  9.0, 10.380, 29.66,  0.0,  0.0,  0.105,  34.14,  0.198,  23.84,  0.240,   6.47,  0.178,   9.36,  0.154,   6.34,  0.168,  25.80,  0.148,  28.30,  0.137,   4.59,-99.000, -99.00,-99.000, -99.00,-99.000, -99.00,-99.000, -99.00,-99.000, -99.00,-99.000, -99.00,-99.000, -99.00,-99.000, -99.00,-99.000, -99.00,-99.000, -99.00,-99.000, -99.00,-99.000, -99.00,
8/9/2016 18:03:00, 11.8,129.2, 51.2,-48.8,  6.419, 29.67,  0.0,  0.0,  0.464, 275.69,-99.000, -99.00,-99.000, -99.00,-99.000, -99.00,-99.000, -99.00,-99.000, -99.00,-99.000, -99.00,-99.000, -99.00,-99.000, -99.00,-99.000, -99.00,-99.000, -99.00,-99.000, -99.00,-99.000, -99.00,-99.000, -99.00,-99.000, -99.00,-99.000, -99.00,-99.000, -99.00,-99.000, -99.00,-99.000, -99.00,-99.000, -99.00,
8/9/2016 18:04:00, 11.8, 55.5, 56.6, -4.4,  6.226, 29.68,  0.0,  0.0,  0.074, 336.19,  0.167, 321.55,  0.130, 307.49,  0.121, 271.42,-99.000, -99.00,-99.000, -99.00,-99.000, -99.00,-99.000, -99.00,-99.000, -99.00,-99.000, -99.00,-99.000, -99.00,-99.000, -99.00,-99.000, -99.00,-99.000, -99.00,-99.000, -99.00,-99.000, -99.00,-99.000, -99.00,-99.000, -99.00,-99.000, -99.00,-99.000, -99.00,
8/9/2016 18:05:00, 11.8, 71.6,-10.8, 33.0,  6.820, 29.69,  0.0,  0.0,  0.032,  65.85,  0.076,  99.09,  0.150, 161.69,  0.011,  48.81,  0.093, 126.25,-99.000, -99.00,-99.000, -99.00,-99.000, -99.00,-99.000, -99.00,-99.000, -99.00,-99.000, -99.00,-99.000, -99.00,-99.000, -99.00,-99.000, -99.00,-99.000, -99.00,-99.000, -99.00,-99.000, -99.00,-99.000, -99.00,-99.000, -99.00,-99.000, -99.00,
8/9/2016 18:06:00, 11.8,222.9,-16.5,-11.0,  8.315, 29.71,  0.0,  0.0,  0.107, 122.35,  0.098, 116.57,  0.091,  67.96,  0.100,  87.14,  0.114, 115.89,  0.067, 147.72,-99.000, -99.00,-99.000, -99.00,-99.000, -99.00,-99.000, -99.00,-99.000, -99.00,-99.000, -99.00,-99.000, -99.00,-99.000, -99.00,-99.000, -99.00,-99.000, -99.00,-99.000, -99.00,-99.000, -99.00,-99.000, -99.00,-99.000, -99.00,
8/9/2016 18:07:00, 11.8,108.3, 51.1,-48.7,  5.947, 29.72,  0.0,  0.0,  0.103, 125.54,-99.000, -99.00,-99.000, -99.00,-99.000, -99.00,-99.000, -99.00,-99.000, -99.00,-99.000, -99.00,-99.000, -99.00,-99.000, -99.00,-99.000, -99.00,-99.000, -99.00,-99.000, -99.00,-99.000, -99.00,-99.000, -99.00,-99.000, -99.00,-99.000, -99.00,-99.000, -99.00,-99.000, -99.00,-99.000, -99.00,-99.000, -99.00,
8/9/2016 18:08:00, 11.8, 57.3, 50.8,-48.2,  4.690, 29.73,  0.0,  0.0,  0.082,  66.89,  0.022,  82.23,-99.000, -99.00,-99.000, -99.00,-99.000, -99.00,-99.000, -99.00,-99.000, -99.00,-99.000, -99.00,-99.000, -99.00,-99.000, -99.00,-99.000, -99.00,-99.000, -99.00,-99.000, -99.00,-99.000, -99.00,-99.000, -99.00,-99.000, -99.00,-99.000, -99.00,-99.000, -99.00,-99.000, -99.00,-99.000, -99.00,
8/9/2016 18:09:00, 11.8, 93.1, 51.1,-48.6,  2.226, 29.74,  0.0,  0.0,  0.114,  88.99,-99.000, -99.00,-99.000, -99.00,-99.000, -99.00,-99.000, -99.00,-99.000, -99.00,-99.000, -99.00,-99.000, -99.00,-99.000, -99.00,-99.000, -99.00,-99.000, -99.00,-99.000, -99.00,-99.000, -99.00,-99.000, -99.00,-99.000, -99.00,-99.000, -99.00,-99.000, -99.00,-99.000, -99.00,-99.000, -99.00,-99.000, -99.00,
8/9/2016 18:10:00, 11.8,152.7, 51.0,-48.5,  0.000, 29.76,  0.0,  0.0,-99.000, -99.00,-99.000, -99.00,-99.000, -99.00,-99.000, -99.00,-99.000, -99.00,-99.000, -99.00,-99.000, -99.00,-99.000, -99.00,-99.000, -99.00,-99.000, -99.00,-99.000, -99.00,-99.000, -99.00,-99.000, -99.00,-99.000, -99.00,-99.000, -99.00,-99.000, -99.00,-99.000, -99.00,-99.000, -99.00,-99.000, -99.00,-99.000, -99.00,
8/9/2016 18:11:00, 11.8,294.2,-49.6, 50.9,  0.000, 29.73,  0.0,  0.0,-99.000, -99.00,-99.000, -99.00,-99.000, -99.00,-99.000, -99.00,-99.000, -99.00,-99.000, -99.00,-99.000, -99.00,-99.000, -99.00,-99.000, -99.00,-99.000, -99.00,-99.000, -99.00,-99.000, -99.00,-99.000, -99.00,-99.000, -99.00,-99.000, -99.00,-99.000, -99.00,-99.000, -99.00,-99.000, -99.00,-99.000, -99.00,-99.000, -99.00,
8/9/2016 18:12:00, 11.8,295.7,-49.7, 50.9,  0.000, 29.65,  0.0,  0.0,-99.000, -99.00,-99.000, -99.00,-99.000, -99.00,-99.000, -99.00,-99.000, -99.00,-99.000, -99.00,-99.000, -99.00,-99.000, -99.00,-99.000, -99.00,-99.000, -99.00,-99.000, -99.00,-99.000, -99.00,-99.000, -99.00,-99.000, -99.00,-99.000, -99.00,-99.000, -99.00,-99.000, -99.00,-99.000, -99.00,-99.000, -99.00,-99.000, -99.00,
8/9/2016 18:13:00, 11.8,296.1,-49.7, 51.0,  0.000, 29.56,  0.0,  0.0,-99.000, -99.00,-99.000, -99.00,-99.000, -99.00,-99.000, -99.00,-99.000, -99.00,-99.000, -99.00,-99.000, -99.00,-99.000, -99.00,-99.000, -99.00,-99.000, -99.00,-99.000, -99.00,-99.000, -99.00,-99.000, -99.00,-99.000, -99.00,-99.000, -99.00,-99.000, -99.00,-99.000, -99.00,-99.000, -99.00,-99.000, -99.00,-99.000, -99.00,
8/9/2016 18:14:00, 11.8,299.5,-49.8, 51.0,  0.000, 29.47,  0.0,  0.0,-99.000, -99.00,-99.000, -99.00,-99.000, -99.00,-99.000, -99.00,-99.000, -99.00,-99.000, -99.00,-99.000, -99.00,-99.000, -99.00,-99.000, -99.00,-99.000, -99.00,-99.000, -99.00,-99.000, -99.00,-99.000, -99.00,-99.000, -99.00,-99.000, -99.00,-99.000, -99.00,-99.000, -99.00,-99.000, -99.00,-99.000, -99.00,-99.000, -99.00,
8/9/2016 18:15:00, 11.8,300.3,-49.8, 51.0,  0.000, 29.38,  0.0,  0.0,-99.000, -99.00,-99.000, -99.00,-99.000, -99.00,-99.000, -99.00,-99.000, -99.00,-99.000, -99.00,-99.000, -99.00,-99.000, -99.00,-99.000, -99.00,-99.000, -99.00,-99.000, -99.00,-99.000, -99.00,-99.000, -99.00,-99.000, -99.00,-99.000, -99.00,-99.000, -99.00,-99.000, -99.00,-99.000, -99.00,-99.000, -99.00,-99.000, -99.00,
8/9/2016 18:16:00, 11.8,303.0,-49.8, 51.0,  0.000, 29.30,  0.0,  0.0,-99.000, -99.00,-99.000, -99.00,-99.000, -99.00,-99.000, -99.00,-99.000, -99.00,-99.000, -99.00,-99.000, -99.00,-99.000, -99.00,-99.000, -99.00,-99.000, -99.00,-99.000, -99.00,-99.000, -99.00,-99.000, -99.00,-99.000, -99.00,-99.000, -99.00,-99.000, -99.00,-99.000, -99.00,-99.000, -99.00,-99.000, -99.00,-99.000, -99.00,
8/9/2016 18:17:00, 11.8,300.9,-49.8, 51.0,  0.000, 29.23,  0.0,  0.0,-99.000, -99.00,-99.000, -99.00,-99.000, -99.00,-99.000, -99.00,-99.000, -99.00,-99.000, -99.00,-99.000, -99.00,-99.000, -99.00,-99.000, -99.00,-99.000, -99.00,-99.000, -99.00,-99.000, -99.00,-99.000, -99.00,-99.000, -99.00,-99.000, -99.00,-99.000, -99.00,-99.000, -99.00,-99.000, -99.00,-99.000, -99.00,-99.000, -99.00,
8/9/2016 18:18:00, 11.8,190.4, 51.1, 50.8,  0.000, 29.17,  0.0,  0.0,-99.000, -99.00,-99.000, -99.00,-99.000, -99.00,-99.000, -99.00,-99.000, -99.00,-99.000, -99.00,-99.000, -99.00,-99.000, -99.00,-99.000, -99.00,-99.000, -99.00,-99.000, -99.00,-99.000, -99.00,-99.000, -99.00,-99.000, -99.00,-99.000, -99.00,-99.000, -99.00,-99.000, -99.00,-99.000, -99.00,-99.000, -99.00,-99.000, -99.00,
8/9/2016 18:19:00, 11.8,193.3, 49.6, 48.7,  0.000, 29.11,  0.0,  0.0,-99.000, -99.00,-99.000, -99.00,-99.000, -99.00,-99.000, -99.00,-99.000, -99.00,-99.000, -99.00,-99.000, -99.00,-99.000, -99.00,-99.000, -99.00,-99.000, -99.00,-99.000, -99.00,-99.000, -99.00,-99.000, -99.00,-99.000, -99.00,-99.000, -99.00,-99.000, -99.00,-99.000, -99.00,-99.000, -99.00,-99.000, -99.00,-99.000, -99.00,
8/9/2016 18:20:00, 11.8,246.3, 50.9,-50.6,  0.000, 29.06,  0.0,  0.0,-99.000, -99.00,-99.000, -99.00,-99.000, -99.00,-99.000, -99.00,-99.000, -99.00,-99.000, -99.00,-99.000, -99.00,-99.000, -99.00,-99.000, -99.00,-99.000, -99.00,-99.000, -99.00,-99.000, -99.00,-99.000, -99.00,-99.000, -99.00,-99.000, -99.00,-99.000, -99.00,-99.000, -99.00,-99.000, -99.00,-99.000, -99.00,-99.000, -99.00,
8/9/2016 18:21:00, 11.8,242.8, 50.2,-50.3,  0.000, 29.01,  0.0,  0.0,-99.000, -99.00,-99.000, -99.00,-99.000, -99.00,-99.000, -99.00,-99.000, -99.00,-99.000, -99.00,-99.000, -99.00,-99.000, -99.00,-99.000, -99.00,-99.000, -99.00,-99.000, -99.00,-99.000, -99.00,-99.000, -99.00,-99.000, -99.00,-99.000, -99.00,-99.000, -99.00,-99.000, -99.00,-99.000, -99.00,-99.000, -99.00,-99.000, -99.00,
8/9/2016 18:22:00, 11.8,195.9, 48.6,-49.3,  0.000, 28.95,  0.0,  0.0,-99.000, -99.00,-99.000, -99.00,-99.000, -99.00,-99.000, -99.00,-99.000, -99.00,-99.000, -99.00,-99.000, -99.00,-99.000, -99.00,-99.000, -99.00,-99.000, -99.00,-99.000, -99.00,-99.000, -99.00,-99.000, -99.00,-99.000, -99.00,-99.000, -99.00,-99.000, -99.00,-99.000, -99.00,-99.000, -99.00,-99.000, -99.00,-99.000, -99.00,
8/9/2016 18:23:00, 11.8,202.5, 46.2,-47.2,  0.000, 28.90,  0.0,  0.0,-99.000, -99.00,-99.000, -99.00,-99.000, -99.00,-99.000, -99.00,-99.000, -99.00,-99.000, -99.00,-99.000, -99.00,-99.000, -99.00,-99.000, -99.00,-99.000, -99.00,-99.000, -99.00,-99.000, -99.00,-99.000, -99.00,-99.000, -99.00,-99.000, -99.00,-99.000, -99.00,-99.000, -99.00,-99.000, -99.00,-99.000, -99.00,-99.000, -99.00,
8/9/2016 18:24:00, 11.8,218.6, 18.4,-21.3,  0.000, 28.85,  0.0,  0.0,-99.000, -99.00,-99.000, -99.00,-99.000, -99.00,-99.000, -99.00,-99.000, -99.00,-99.000, -99.00,-99.000, -99.00,-99.000, -99.00,-99.000, -99.00,-99.000, -99.00,-99.000, -99.00,-99.000, -99.00,-99.000, -99.00,-99.000, -99.00,-99.000, -99.00,-99.000, -99.00,-99.000, -99.00,-99.000, -99.00,-99.000, -99.00,-99.000, -99.00,
8/9/2016 18:25:00, 11.8,264.4, 41.8, 40.5,  0.000, 28.80,  0.0,  0.0,-99.000, -99.00,-99.000, -99.00,-99.000, -99.00,-99.000, -99.00,-99.000, -99.00,-99.000, -99.00,-99.000, -99.00,-99.000, -99.00,-99.000, -99.00,-99.000, -99.00,-99.000, -99.00,-99.000, -99.00,-99.000, -99.00,-99.000, -99.00,-99.000, -99.00,-99.000, -99.00,-99.000, -99.00,-99.000, -99.00,-99.000, -99.00,-99.000, -99.00,
8/9/2016 18:26:00, 11.8,296.4, 47.2, 46.8,  0.000, 28.75,  0.0,  0.0,-99.000, -99.00,-99.000, -99.00,-99.000, -99.00,-99.000, -99.00,-99.000, -99.00,-99.000, -99.00,-99.000, -99.00,-99.000, -99.00,-99.000, -99.00,-99.000, -99.00,-99.000, -99.00,-99.000, -99.00,-99.000, -99.00,-99.000, -99.00,-99.000, -99.00,-99.000, -99.00,-99.000, -99.00,-99.000, -99.00,-99.000, -99.00,-99.000, -99.00,
8/9/2016 18:27:00, 11.8,312.9, 47.7, 47.6,  0.000, 28.69,  0.0,  0.0,-99.000, -99.00,-99.000, -99.00,-99.000, -99.00,-99.000, -99.00,-99.000, -99.00,-99.000, -99.00,-99.000, -99.00,-99.000, -99.00,-99.000, -99.00,-99.000, -99.00,-99.000, -99.00,-99.000, -99.00,-99.000, -99.00,-99.000, -99.00,-99.000, -99.00,-99.000, -99.00,-99.000, -99.00,-99.000, -99.00,-99.000, -99.00,-99.000, -99.00,
8/9/2016 18:28:00, 11.8,310.3, 48.1, 47.9,  0.000, 28.64,  0.0,  0.0,-99.000, -99.00,-99.000, -99.00,-99.000, -99.00,-99.000, -99.00,-99.000, -99.00,-99.000, -99.00,-99.000, -99.00,-99.000, -99.00,-99.000, -99.00,-99.000, -99.00,-99.000, -99.00,-99.000, -99.00,-99.000, -99.00,-99.000, -99.00,-99.000, -99.00,-99.000, -99.00,-99.000, -99.00,-99.000, -99.00,-99.000, -99.00,-99.000, -99.00,
8/9/2016 18:29:00, 11.8,267.6, 39.5, 38.0,  0.000, 28.58,  0.0,  0.0,-99.000, -99.00,-99.000, -99.00,-99.000, -99.00,-99.000, -99.00,-99.000, -99.00,-99.000, -99.00,-99.000, -99.00,-99.000, -99.00,-99.000, -99.00,-99.000, -99.00,-99.000, -99.00,-99.000, -99.00,-99.000, -99.00,-99.000, -99.00,-99.000, -99.00,-99.000, -99.00,-99.000, -99.00,-99.000, -99.00,-99.000, -99.00,-99.000, -99.00,
8/9/2016 18:30:00, 11.8,181.3, 38.4, 36.7,  0.000, 28.52,  0.0,  0.0,-99.000, -99.00,-99.000, -99.00,-99.000, -99.00,-99.000, -99.00,-99.000, -99.00,-99.000, -99.00,-99.000, -99.00,-99.000, -99.00,-99.000, -99.00,-99.000, -99.00,-99.000, -99.00,-99.000, -99.00,-99.000, -99.00,-99.000, -99.00,-99.000, -99.00,-99.000, -99.00,-99.000, -99.00,-99.000, -99.00,-99.000, -99.00,-99.000, -99.00,
8/9/2016 18:31:00, 11.8,179.9, 37.1, 35.2,  0.000, 28.47,  0.0,  0.0,-99.000, -99.00,-99.000, -99.00,-99.000, -99.00,-99.000, -99.00,-99.000, -99.00,-99.000, -99.00,-99.000, -99.00,-99.000, -99.00,-99.000, -99.00,-99.000, -99.00,-99.000, -99.00,-99.000, -99.00,-99.000, -99.00,-99.000, -99.00,-99.000, -99.00,-99.000, -99.00,-99.000, -99.00,-99.000, -99.00,-99.000, -99.00,-99.000, -99.00,
8/9/2016 18:32:00, 11.8,146.8, 53.5, 53.9,  0.000, 28.42,  0.0,  0.0,-99.000, -99.00,-99.000, -99.00,-99.000, -99.00,-99.000, -99.00,-99.000, -99.00,-99.000, -99.00,-99.000, -99.00,-99.000, -99.00,-99.000, -99.00,-99.000, -99.00,-99.000, -99.00,-99.000, -99.00,-99.000, -99.00,-99.000, -99.00,-99.000, -99.00,-99.000, -99.00,-99.000, -99.00,-99.000, -99.00,-99.000, -99.00,-99.000, -99.00,
8/9/2016 18:33:00, 11.8,169.7, 51.1, 49.4,  0.000, 28.39,  0.0,  0.0,-99.000, -99.00,-99.000, -99.00,-99.000, -99.00,-99.000, -99.00,-99.000, -99.00,-99.000, -99.00,-99.000, -99.00,-99.000, -99.00,-99.000, -99.00,-99.000, -99.00,-99.000, -99.00,-99.000, -99.00,-99.000, -99.00,-99.000, -99.00,-99.000, -99.00,-99.000, -99.00,-99.000, -99.00,-99.000, -99.00,-99.000, -99.00,-99.000, -99.00,
8/9/2016 18:34:00, 11.8,175.6, 52.3, 52.3,  0.000, 28.35,  0.0,  0.0,-99.000, -99.00,-99.000, -99.00,-99.000, -99.00,-99.000, -99.00,-99.000, -99.00,-99.000, -99.00,-99.000, -99.00,-99.000, -99.00,-99.000, -99.00,-99.000, -99.00,-99.000, -99.00,-99.000, -99.00,-99.000, -99.00,-99.000, -99.00,-99.000, -99.00,-99.000, -99.00,-99.000, -99.00,-99.000, -99.00,-99.000, -99.00,-99.000, -99.00,
8/9/2016 18:35:00, 11.8,198.6, 52.7, 53.1,  0.000, 28.32,  0.0,  0.0,-99.000, -99.00,-99.000, -99.00,-99.000, -99.00,-99.000, -99.00,-99.000, -99.00,-99.000, -99.00,-99.000, -99.00,-99.000, -99.00,-99.000, -99.00,-99.000, -99.00,-99.000, -99.00,-99.000, -99.00,-99.000, -99.00,-99.000, -99.00,-99.000, -99.00,-99.000, -99.00,-99.000, -99.00,-99.000, -99.00,-99.000, -99.00,-99.000, -99.00,
8/9/2016 18:36:00, 11.8,327.5,-49.4,-48.6,  0.000, 28.30,  0.0,  0.0,-99.000, -99.00,-99.000, -99.00,-99.000, -99.00,-99.000, -99.00,-99.000, -99.00,-99.000, -99.00,-99.000, -99.00,-99.000, -99.00,-99.000, -99.00,-99.000, -99.00,-99.000, -99.00,-99.000, -99.00,-99.000, -99.00,-99.000, -99.00,-99.000, -99.00,-99.000, -99.00,-99.000, -99.00,-99.000, -99.00,-99.000, -99.00,-99.000, -99.00,
8/9/2016 18:37:00, 11.8,327.7,-49.7,-48.8,  0.000, 28.28,  0.0,  0.0,-99.000, -99.00,-99.000, -99.00,-99.000, -99.00,-99.000, -99.00,-99.000, -99.00,-99.000, -99.00,-99.000, -99.00,-99.000, -99.00,-99.000, -99.00,-99.000, -99.00,-99.000, -99.00,-99.000, -99.00,-99.000, -99.00,-99.000, -99.00,-99.000, -99.00,-99.000, -99.00,-99.000, -99.00,-99.000, -99.00,-99.000, -99.00,-99.000, -99.00,
8/9/2016 18:38:00, 11.8,327.7,-49.7,-48.8,  0.000, 28.27,  0.0,  0.0,-99.000, -99.00,-99.000, -99.00,-99.000, -99.00,-99.000, -99.00,-99.000, -99.00,-99.000, -99.00,-99.000, -99.00,-99.000, -99.00,-99.000, -99.00,-99.000, -99.00,-99.000, -99.00,-99.000, -99.00,-99.000, -99.00,-99.000, -99.00,-99.000, -99.00,-99.000, -99.00,-99.000, -99.00,-99.000, -99.00,-99.000, -99.00,-99.000, -99.00,
8/9/2016 18:39:00, 11.8,327.7,-49.8,-48.8,  0.000, 28.26,  0.0,  0.0,-99.000, -99.00,-99.000, -99.00,-99.000, -99.00,-99.000, -99.00,-99.000, -99.00,-99.000, -99.00,-99.000, -99.00,-99.000, -99.00,-99.000, -99.00,-99.000, -99.00,-99.000, -99.00,-99.000, -99.00,-99.000, -99.00,-99.000, -99.00,-99.000, -99.00,-99.000, -99.00,-99.000, -99.00,-99.000, -99.00,-99.000, -99.00,-99.000, -99.00,
8/9/2016 18:40:00, 11.8,327.8,-49.8,-48.8,  0.000, 28.25,  0.0,  0.0,-99.000, -99.00,-99.000, -99.00,-99.000, -99.00,-99.000, -99.00,-99.000, -99.00,-99.000, -99.00,-99.000, -99.00,-99.000, -99.00,-99.000, -99.00,-99.000, -99.00,-99.000, -99.00,-99.000, -99.00,-99.000, -99.00,-99.000, -99.00,-99.000, -99.00,-99.000, -99.00,-99.000, -99.00,-99.000, -99.00,-99.000, -99.00,-99.000, -99.00,
8/9/2016 18:41:00, 11.8,327.7,-49.8,-48.9,  0.000, 28.25,  0.0,  0.0,-99.000, -99.00,-99.000, -99.00,-99.000, -99.00,-99.000, -99.00,-99.000, -99.00,-99.000, -99.00,-99.000, -99.00,-99.000, -99.00,-99.000, -99.00,-99.000, -99.00,-99.000, -99.00,-99.000, -99.00,-99.000, -99.00,-99.000, -99.00,-99.000, -99.00,-99.000, -99.00,-99.000, -99.00,-99.000, -99.00,-99.000, -99.00,-99.000, -99.00,
8/9/2016 18:42:00, 11.8,327.7,-49.8,-48.9,  0.000, 28.24,  0.0,  0.0,-99.000, -99.00,-99.000, -99.00,-99.000, -99.00,-99.000, -99.00,-99.000, -99.00,-99.000, -99.00,-99.000, -99.00,-99.000, -99.00,-99.000, -99.00,-99.000, -99.00,-99.000, -99.00,-99.000, -99.00,-99.000, -99.00,-99.000, -99.00,-99.000, -99.00,-99.000, -99.00,-99.000, -99.00,-99.000, -99.00,-99.000, -99.00,-99.000, -99.00,
8/9/2016 18:43:00, 11.8,306.6,-49.8,-48.9,  0.000, 28.24,  0.0,  0.0,-99.000, -99.00,-99.000, -99.00,-99.000, -99.00,-99.000, -99.00,-99.000, -99.00,-99.000, -99.00,-99.000, -99.00,-99.000, -99.00,-99.000, -99.00,-99.000, -99.00,-99.000, -99.00,-99.000, -99.00,-99.000, -99.00,-99.000, -99.00,-99.000, -99.00,-99.000, -99.00,-99.000, -99.00,-99.000, -99.00,-99.000, -99.00,-99.000, -99.00,
8/9/2016 18:44:00, 11.8,231.8, 47.6, 52.9,  0.000, 28.23,  0.0,  0.0,-99.000, -99.00,-99.000, -99.00,-99.000, -99.00,-99.000, -99.00,-99.000, -99.00,-99.000, -99.00,-99.000, -99.00,-99.000, -99.00,-99.000, -99.00,-99.000, -99.00,-99.000, -99.00,-99.000, -99.00,-99.000, -99.00,-99.000, -99.00,-99.000, -99.00,-99.000, -99.00,-99.000, -99.00,-99.000, -99.00,-99.000, -99.00,-99.000, -99.00,
8/9/2016 18:45:00, 11.7,216.9,-10.9, 41.5,  0.000, 28.22,  0.0,  0.0,-99.000, -99.00,-99.000, -99.00,-99.000, -99.00,-99.000, -99.00,-99.000, -99.00,-99.000, -99.00,-99.000, -99.00,-99.000, -99.00,-99.000, -99.00,-99.000, -99.00,-99.000, -99.00,-99.000, -99.00,-99.000, -99.00,-99.000, -99.00,-99.000, -99.00,-99.000, -99.00,-99.000, -99.00,-99.000, -99.00,-99.000, -99.00,-99.000, -99.00,
8/9/2016 18:46:00, 11.8,212.6,-43.5, 44.0,  0.000, 28.21,  0.0,  0.0,-99.000, -99.00,-99.000, -99.00,-99.000, -99.00,-99.000, -99.00,-99.000, -99.00,-99.000, -99.00,-99.000, -99.00,-99.000, -99.00,-99.000, -99.00,-99.000, -99.00,-99.000, -99.00,-99.000, -99.00,-99.000, -99.00,-99.000, -99.00,-99.000, -99.00,-99.000, -99.00,-99.000, -99.00,-99.000, -99.00,-99.000, -99.00,-99.000, -99.00,
8/9/2016 18:47:00, 11.8,151.8,-48.5,-47.7,  0.000, 28.19,  0.0,  0.0,-99.000, -99.00,-99.000, -99.00,-99.000, -99.00,-99.000, -99.00,-99.000, -99.00,-99.000, -99.00,-99.000, -99.00,-99.000, -99.00,-99.000, -99.00,-99.000, -99.00,-99.000, -99.00,-99.000, -99.00,-99.000, -99.00,-99.000, -99.00,-99.000, -99.00,-99.000, -99.00,-99.000, -99.00,-99.000, -99.00,-99.000, -99.00,-99.000, -99.00,
8/9/2016 18:48:00, 11.7,154.3,-48.4,-47.6,  0.000, 28.18,  0.0,  0.0,-99.000, -99.00,-99.000, -99.00,-99.000, -99.00,-99.000, -99.00,-99.000, -99.00,-99.000, -99.00,-99.000, -99.00,-99.000, -99.00,-99.000, -99.00,-99.000, -99.00,-99.000, -99.00,-99.000, -99.00,-99.000, -99.00,-99.000, -99.00,-99.000, -99.00,-99.000, -99.00,-99.000, -99.00,-99.000, -99.00,-99.000, -99.00,-99.000, -99.00,
8/9/2016 18:49:00, 11.7,153.9,-48.2,-47.4,  0.000, 28.17,  0.0,  0.0,-99.000, -99.00,-99.000, -99.00,-99.000, -99.00,-99.000, -99.00,-99.000, -99.00,-99.000, -99.00,-99.000, -99.00,-99.000, -99.00,-99.000, -99.00,-99.000, -99.00,-99.000, -99.00,-99.000, -99.00,-99.000, -99.00,-99.000, -99.00,-99.000, -99.00,-99.000, -99.00,-99.000, -99.00,-99.000, -99.00,-99.000, -99.00,-99.000, -99.00,
8/9/2016 18:50:00, 11.7,197.1, 55.3,-51.0,  0.000, 28.15,  0.0,  0.0,-99.000, -99.00,-99.000, -99.00,-99.000, -99.00,-99.000, -99.00,-99.000, -99.00,-99.000, -99.00,-99.000, -99.00,-99.000, -99.00,-99.000, -99.00,-99.000, -99.00,-99.000, -99.00,-99.000, -99.00,-99.000, -99.00,-99.000, -99.00,-99.000, -99.00,-99.000, -99.00,-99.000, -99.00,-99.000, -99.00,-99.000, -99.00,-99.000, -99.00,
