DateTime,Battery,Heading,Pitch,Roll,Pressure,Temperature,AnalogIn1,AnalogIn2,Speed#1(1.5m),Dir#1(1.5m),Speed#2(2.5m),Dir#2(2.5m),Speed#3(3.5m),Dir#3(3.5m),Speed#4(4.5m),Dir#4(4.5m),Speed#5(5.5m),Dir#5(5.5m),Speed#6(6.5m),Dir#6(6.5m),Speed#7(7.5m),Dir#7(7.5m),Speed#8(8.5m),Dir#8(8.5m),Speed#9(9.5m),Dir#9(9.5m),Speed#10(10.5m),Dir#10(10.5m),Speed#11(11.5m),Dir#11(11.5m),Speed#12(12.5m),Dir#12(12.5m),Speed#13(13.5m),Dir#13(13.5m),Speed#14(14.5m),Dir#14(14.5m),Speed#15(15.5m),Dir#15(15.5m),
7/31/2016 20:36:44, 11.9,358.3, 56.5,-57.5,  0.000, 25.90,  0.0,  0.0,-99.000, -99.00,-99.000, -99.00,-99.000, -99.00,-99.000, -99.00,-99.000, -99.00,-99.000, -99.00,-99.000, -99.00,-99.000, -99.00,-99.000, -99.00,-99.000, -99.00,-99.000, -99.00,-99.000, -99.00,-99.000, -99.00,-99.000, -99.00,-99.000, -99.00,
7/31/2016 20:36:45, 11.9,358.5, 56.5,-57.5,  0.000, 25.90,  0.0,  0.0,-99.000, -99.00,-99.000, -99.00,-99.000, -99.00,-99.000, -99.00,-99.000, -99.00,-99.000, -99.00,-99.000, -99.00,-99.000, -99.00,-99.000, -99.00,-99.000, -99.00,-99.000, -99.00,-99.000, -99.00,-99.000, -99.00,-99.000, -99.00,-99.000, -99.00,
7/31/2016 20:36:46, 11.9,358.7, 56.5,-57.5,  0.000, 25.90,  0.0,  0.0,-99.000, -99.00,-99.000, -99.00,-99.000, -99.00,-99.000, -99.00,-99.000, -99.00,-99.000, -99.00,-99.000, -99.00,-99.000, -99.00,-99.000, -99.00,-99.000, -99.00,-99.000, -99.00,-99.000, -99.00,-99.000, -99.00,-99.000, -99.00,-99.000, -99.00,
7/31/2016 20:36:47, 11.9,358.8, 56.5,-57.5,  0.000, 25.90,  0.0,  0.0,-99.000, -99.00,-99.000, -99.00,-99.000, -99.00,-99.000, -99.00,-99.000, -99.00,-99.000, -99.00,-99.000, -99.00,-99.000, -99.00,-99.000, -99.00,-99.000, -99.00,-99.000, -99.00,-99.000, -99.00,-99.000, -99.00,-99.000, -99.00,-99.000, -99.00,
7/31/2016 20:36:48, 11.9,359.0, 56.5,-57.5,  0.000, 25.90,  0.0,  0.0,-99.000, -99.00,-99.000, -99.00,-99.000, -99.00,-99.000, -99.00,-99.000, -99.00,-99.000, -99.00,-99.000, -99.00,-99.000, -99.00,-99.000, -99.00,-99.000, -99.00,-99.000, -99.00,-99.000, -99.00,-99.000, -99.00,-99.000, -99.00,-99.000, -99.00,
7/31/2016 20:36:49, 11.9,359.3, 56.5,-57.5,  0.000, 25.90,  0.0,  0.0,-99.000, -99.00,-99.000, -99.00,-99.000, -99.00,-99.000, -99.00,-99.000, -99.00,-99.000, -99.00,-99.000, -99.00,-99.000, -99.00,-99.000, -99.00,-99.000, -99.00,-99.000, -99.00,-99.000, -99.00,-99.000, -99.00,-99.000, -99.00,-99.000, -99.00,
7/31/2016 20:36:50, 11.9,359.6, 56.5,-57.5,  0.000, 25.90,  0.0,  0.0,-99.000, -99.00,-99.000, -99.00,-99.000, -99.00,-99.000, -99.00,-99.000, -99.00,-99.000, -99.00,-99.000, -99.00,-99.000, -99.00,-99.000, -99.00,-99.000, -99.00,-99.000, -99.00,-99.000, -99.00,-99.000, -99.00,-99.000, -99.00,-99.000, -99.00,
7/31/2016 20:36:51, 11.9,358.3, 56.5,-57.5,  0.000, 25.90,  0.0,  0.0,-99.000, -99.00,-99.000, -99.00,-99.000, -99.00,-99.000, -99.00,-99.000, -99.00,-99.000, -99.00,-99.000, -99.00,-99.000, -99.00,-99.000, -99.00,-99.000, -99.00,-99.000, -99.00,-99.000, -99.00,-99.000, -99.00,-99.000, -99.00,-99.000, -99.00,
7/31/2016 20:36:52, 11.9,  0.3, 56.5,-57.5,  0.000, 25.90,  0.0,  0.0,-99.000, -99.00,-99.000, -99.00,-99.000, -99.00,-99.000, -99.00,-99.000, -99.00,-99.000, -99.00,-99.000, -99.00,-99.000, -99.00,-99.000, -99.00,-99.000, -99.00,-99.000, -99.00,-99.000, -99.00,-99.000, -99.00,-99.000, -99.00,-99.000, -99.00,
7/31/2016 20:36:53, 11.9,  0.8, 56.5,-57.5,  0.000, 25.90,  0.0,  0.0,-99.000, -99.00,-99.000, -99.00,-99.000, -99.00,-99.000, -99.00,-99.000, -99.00,-99.000, -99.00,-99.000, -99.00,-99.000, -99.00,-99.000, -99.00,-99.000, -99.00,-99.000, -99.00,-99.000, -99.00,-99.000, -99.00,-99.000, -99.00,-99.000, -99.00,
7/31/2016 20:36:54, 11.9,  0.6, 56.5,-57.5,  0.000, 25.90,  0.0,  0.0,-99.000, -99.00,-99.000, -99.00,-99.000, -99.00,-99.000, -99.00,-99.000, -99.00,-99.000, -99.00,-99.000, -99.00,-99.000, -99.00,-99.000, -99.00,-99.000, -99.00,-99.000, -99.00,-99.000, -99.00,-99.000, -99.00,-99.000, -99.00,-99.000, -99.00,
7/31/2016 20:36:55, 11.9,  0.6, 56.5,-57.5,  0.000, 25.90,  0.0,  0.0,-99.000, -99.00,-99.000, -99.00,-99.000, -99.00,-99.000, -99.00,-99.000, -99.00,-99.000, -99.00,-99.000, -99.00,-99.000, -99.00,-99.000, -99.00,-99.000, -99.00,-99.000, -99.00,-99.000, -99.00,-99.000, -99.00,-99.000, -99.00,-99.000, -99.00,
7/31/2016 20:36:56, 11.9,  0.6, 56.5,-57.5,  0.000, 25.90,  0.0,  0.0,-99.000, -99.00,-99.000, -99.00,-99.000, -99.00,-99.000, -99.00,-99.000, -99.00,-99.000, -99.00,-99.000, -99.00,-99.000, -99.00,-99.000, -99.00,-99.000, -99.00,-99.000, -99.00,-99.000, -99.00,-99.000, -99.00,-99.000, -99.00,-99.000, -99.00,
7/31/2016 20:36:57, 11.9,359.1, 56.5,-57.5,  0.000, 25.90,  0.0,  0.0,-99.000, -99.00,-99.000, -99.00,-99.000, -99.00,-99.000, -99.00,-99.000, -99.00,-99.000, -99.00,-99.000, -99.00,-99.000, -99.00,-99.000, -99.00,-99.000, -99.00,-99.000, -99.00,-99.000, -99.00,-99.000, -99.00,-99.000, -99.00,-99.000, -99.00,
7/31/2016 20:36:58, 11.9,  0.8, 56.5,-57.5,  0.000, 25.90,  0.0,  0.0,-99.000, -99.00,-99.000, -99.00,-99.000, -99.00,-99.000, -99.00,-99.000, -99.00,-99.000, -99.00,-99.000, -99.00,-99.000, -99.00,-99.000, -99.00,-99.000, -99.00,-99.000, -99.00,-99.000, -99.00,-99.000, -99.00,-99.000, -99.00,-99.000, -99.00,
7/31/2016 20:36:59, 11.9,  0.6, 56.5,-57.5,  0.000, 25.90,  0.0,  0.0,-99.000, -99.00,-99.000, -99.00,-99.000, -99.00,-99.000, -99.00,-99.000, -99.00,-99.000, -99.00,-99.000, -99.00,-99.000, -99.00,-99.000, -99.00,-99.000, -99.00,-99.000, -99.00,-99.000, -99.00,-99.000, -99.00,-99.000, -99.00,-99.000, -99.00,
7/31/2016 20:37:00, 11.9,  0.4, 56.5,-57.5,  0.000, 25.90,  0.0,  0.0,-99.000, -99.00,-99.000, -99.00,-99.000, -99.00,-99.000, -99.00,-99.000, -99.00,-99.000, -99.00,-99.000, -99.00,-99.000, -99.00,-99.000, -99.00,-99.000, -99.00,-99.000, -99.00,-99.000, -99.00,-99.000, -99.00,-99.000, -99.00,-99.000, -99.00,
7/31/2016 20:37:01, 11.9,  0.8, 56.5,-57.5,  0.000, 25.90,  0.0,  0.0,-99.000, -99.00,-99.000, -99.00,-99.000, -99.00,-99.000, -99.00,-99.000, -99.00,-99.000, -99.00,-99.000, -99.00,-99.000, -99.00,-99.000, -99.00,-99.000, -99.00,-99.000, -99.00,-99.000, -99.00,-99.000, -99.00,-99.000, -99.00,-99.000, -99.00,
7/31/2016 20:37:02, 11.9,  0.8, 56.5,-57.5,  0.000, 25.90,  0.0,  0.0,-99.000, -99.00,-99.000, -99.00,-99.000, -99.00,-99.000, -99.00,-99.000, -99.00,-99.000, -99.00,-99.000, -99.00,-99.000, -99.00,-99.000, -99.00,-99.000, -99.00,-99.000, -99.00,-99.000, -99.00,-99.000, -99.00,-99.000, -99.00,-99.000, -99.00,
7/31/2016 20:37:03, 11.9,359.6, 56.5,-57.5,  0.000, 25.90,  0.0,  0.0,-99.000, -99.00,-99.000, -99.00,-99.000, -99.00,-99.000, -99.00,-99.000, -99.00,-99.000, -99.00,-99.000, -99.00,-99.000, -99.00,-99.000, -99.00,-99.000, -99.00,-99.000, -99.00,-99.000, -99.00,-99.000, -99.00,-99.000, -99.00,-99.000, -99.00,
7/31/2016 20:37:04, 11.9,  2.9, 56.5,-57.5,  0.000, 25.90,  0.0,  0.0,-99.000, -99.00,-99.000, -99.00,-99.000, -99.00,-99.000, -99.00,-99.000, -99.00,-99.000, -99.00,-99.000, -99.00,-99.000, -99.00,-99.000, -99.00,-99.000, -99.00,-99.000, -99.00,-99.000, -99.00,-99.000, -99.00,-99.000, -99.00,-99.000, -99.00,
7/31/2016 20:37:05, 11.9,  1.3, 56.5,-57.5,  0.000, 25.90,  0.0,  0.0,-99.000, -99.00,-99.000, -99.00,-99.000, -99.00,-99.000, -99.00,-99.000, -99.00,-99.000, -99.00,-99.000, -99.00,-99.000, -99.00,-99.000, -99.00,-99.000, -99.00,-99.000, -99.00,-99.000, -99.00,-99.000, -99.00,-99.000, -99.00,-99.000, -99.00,
7/31/2016 20:37:06, 11.9,  1.3, 56.5,-57.5,  0.000, 25.90,  0.0,  0.0,-99.000, -99.00,-99.000, -99.00,-99.000, -99.00,-99.000, -99.00,-99.000, -99.00,-99.000, -99.00,-99.000, -99.00,-99.000, -99.00,-99.000, -99.00,-99.000, -99.00,-99.000, -99.00,-99.000, -99.00,-99.000, -99.00,-99.000, -99.00,-99.000, -99.00,
7/31/2016 20:37:07, 11.9,359.4, 56.5,-57.5,  0.000, 25.90,  0.0,  0.0,-99.000, -99.00,-99.000, -99.00,-99.000, -99.00,-99.000, -99.00,-99.000, -99.00,-99.000, -99.00,-99.000, -99.00,-99.000, -99.00,-99.000, -99.00,-99.000, -99.00,-99.000, -99.00,-99.000, -99.00,-99.000, -99.00,-99.000, -99.00,-99.000, -99.00,
7/31/2016 20:37:08, 11.9,355.2, 56.5,-57.5,  0.000, 25.90,  0.0,  0.0,-99.000, -99.00,-99.000, -99.00,-99.000, -99.00,-99.000, -99.00,-99.000, -99.00,-99.000, -99.00,-99.000, -99.00,-99.000, -99.00,-99.000, -99.00,-99.000, -99.00,-99.000, -99.00,-99.000, -99.00,-99.000, -99.00,-99.000, -99.00,-99.000, -99.00,
7/31/2016 20:37:09, 11.9,352.1, 56.5,-57.5,  0.000, 25.90,  0.0,  0.0,-99.000, -99.00,-99.000, -99.00,-99.000, -99.00,-99.000, -99.00,-99.000, -99.00,-99.000, -99.00,-99.000, -99.00,-99.000, -99.00,-99.000, -99.00,-99.000, -99.00,-99.000, -99.00,-99.000, -99.00,-99.000, -99.00,-99.000, -99.00,-99.000, -99.00,
7/31/2016 20:37:10, 11.9,354.4, 56.5,-57.5,  0.000, 25.90,  0.0,  0.0,-99.000, -99.00,-99.000, -99.00,-99.000, -99.00,-99.000, -99.00,-99.000, -99.00,-99.000, -99.00,-99.000, -99.00,-99.000, -99.00,-99.000, -99.00,-99.000, -99.00,-99.000, -99.00,-99.000, -99.00,-99.000, -99.00,-99.000, -99.00,-99.000, -99.00,
7/31/2016 20:37:11, 11.9,354.4, 56.5,-57.5,  0.000, 25.90,  0.0,  0.0,-99.000, -99.00,-99.000, -99.00,-99.000, -99.00,-99.000, -99.00,-99.000, -99.00,-99.000, -99.00,-99.000, -99.00,-99.000, -99.00,-99.000, -99.00,-99.000, -99.00,-99.000, -99.00,-99.000, -99.00,-99.000, -99.00,-99.000, -99.00,-99.000, -99.00,
7/31/2016 20:37:12, 11.9,354.4, 56.5,-57.5,  0.000, 25.90,  0.0,  0.0,-99.000, -99.00,-99.000, -99.00,-99.000, -99.00,-99.000, -99.00,-99.000, -99.00,-99.000, -99.00,-99.000, -99.00,-99.000, -99.00,-99.000, -99.00,-99.000, -99.00,-99.000, -99.00,-99.000, -99.00,-99.000, -99.00,-99.000, -99.00,-99.000, -99.00,
7/31/2016 20:37:13, 11.9,354.2, 56.5,-57.5,  0.000, 25.90,  0.0,  0.0,-99.000, -99.00,-99.000, -99.00,-99.000, -99.00,-99.000, -99.00,-99.000, -99.00,-99.000, -99.00,-99.000, -99.00,-99.000, -99.00,-99.000, -99.00,-99.000, -99.00,-99.000, -99.00,-99.000, -99.00,-99.000, -99.00,-99.000, -99.00,-99.000, -99.00,
7/31/2016 20:37:14, 11.9,354.0, 56.5,-57.5,  0.000, 25.90,  0.0,  0.0,-99.000, -99.00,-99.000, -99.00,-99.000, -99.00,-99.000, -99.00,-99.000, -99.00,-99.000, -99.00,-99.000, -99.00,-99.000, -99.00,-99.000, -99.00,-99.000, -99.00,-99.000, -99.00,-99.000, -99.00,-99.000, -99.00,-99.000, -99.00,-99.000, -99.00,
7/31/2016 20:37:15, 11.9,352.8, 56.5,-57.5,  0.000, 25.90,  0.0,  0.0,-99.000, -99.00,-99.000, -99.00,-99.000, -99.00,-99.000, -99.00,-99.000, -99.00,-99.000, -99.00,-99.000, -99.00,-99.000, -99.00,-99.000, -99.00,-99.000, -99.00,-99.000, -99.00,-99.000, -99.00,-99.000, -99.00,-99.000, -99.00,-99.000, -99.00,
7/31/2016 20:37:16, 11.9,353.6, 56.5,-57.5,  0.000, 25.90,  0.0,  0.0,-99.000, -99.00,-99.000, -99.00,-99.000, -99.00,-99.000, -99.00,-99.000, -99.00,-99.000, -99.00,-99.000, -99.00,-99.000, -99.00,-99.000, -99.00,-99.000, -99.00,-99.000, -99.00,-99.000, -99.00,-99.000, -99.00,-99.000, -99.00,-99.000, -99.00,
7/31/2016 20:37:17, 11.9,353.9, 56.5,-57.5,  0.000, 25.90,  0.0,  0.0,-99.000, -99.00,-99.000, -99.00,-99.000, -99.00,-99.000, -99.00,-99.000, -99.00,-99.000, -99.00,-99.000, -99.00,-99.000, -99.00,-99.000, -99.00,-99.000, -99.00,-99.000, -99.00,-99.000, -99.00,-99.000, -99.00,-99.000, -99.00,-99.000, -99.00,
7/31/2016 20:37:18, 11.9,353.6, 56.5,-57.5,  0.000, 25.90,  0.0,  0.0,-99.000, -99.00,-99.000, -99.00,-99.000, -99.00,-99.000, -99.00,-99.000, -99.00,-99.000, -99.00,-99.000, -99.00,-99.000, -99.00,-99.000, -99.00,-99.000, -99.00,-99.000, -99.00,-99.000, -99.00,-99.000, -99.00,-99.000, -99.00,-99.000, -99.00,
7/31/2016 20:37:19, 11.9,353.8, 56.5,-57.5,  0.000, 25.90,  0.0,  0.0,-99.000, -99.00,-99.000, -99.00,-99.000, -99.00,-99.000, -99.00,-99.000, -99.00,-99.000, -99.00,-99.000, -99.00,-99.000, -99.00,-99.000, -99.00,-99.000, -99.00,-99.000, -99.00,-99.000, -99.00,-99.000, -99.00,-99.000, -99.00,-99.000, -99.00,
7/31/2016 20:37:20, 11.9,354.0, 56.5,-57.5,  0.000, 25.90,  0.0,  0.0,-99.000, -99.00,-99.000, -99.00,-99.000, -99.00,-99.000, -99.00,-99.000, -99.00,-99.000, -99.00,-99.000, -99.00,-99.000, -99.00,-99.000, -99.00,-99.000, -99.00,-99.000, -99.00,-99.000, -99.00,-99.000, -99.00,-99.000, -99.00,-99.000, -99.00,
7/31/2016 20:37:21, 11.9,353.8, 56.5,-57.5,  0.000, 25.90,  0.0,  0.0,-99.000, -99.00,-99.000, -99.00,-99.000, -99.00,-99.000, -99.00,-99.000, -99.00,-99.000, -99.00,-99.000, -99.00,-99.000, -99.00,-99.000, -99.00,-99.000, -99.00,-99.000, -99.00,-99.000, -99.00,-99.000, -99.00,-99.000, -99.00,-99.000, -99.00,
7/31/2016 20:37:22, 11.9,353.4, 56.5,-57.5,  0.000, 25.90,  0.0,  0.0,-99.000, -99.00,-99.000, -99.00,-99.000, -99.00,-99.000, -99.00,-99.000, -99.00,-99.000, -99.00,-99.000, -99.00,-99.000, -99.00,-99.000, -99.00,-99.000, -99.00,-99.000, -99.00,-99.000, -99.00,-99.000, -99.00,-99.000, -99.00,-99.000, -99.00,
7/31/2016 20:37:23, 11.9,352.6, 56.5,-57.5,  0.000, 25.90,  0.0,  0.0,-99.000, -99.00,-99.000, -99.00,-99.000, -99.00,-99.000, -99.00,-99.000, -99.00,-99.000, -99.00,-99.000, -99.00,-99.000, -99.00,-99.000, -99.00,-99.000, -99.00,-99.000, -99.00,-99.000, -99.00,-99.000, -99.00,-99.000, -99.00,-99.000, -99.00,
7/31/2016 20:37:24, 11.9,352.6, 56.5,-57.5,  0.000, 25.90,  0.0,  0.0,-99.000, -99.00,-99.000, -99.00,-99.000, -99.00,-99.000, -99.00,-99.000, -99.00,-99.000, -99.00,-99.000, -99.00,-99.000, -99.00,-99.000, -99.00,-99.000, -99.00,-99.000, -99.00,-99.000, -99.00,-99.000, -99.00,-99.000, -99.00,-99.000, -99.00,
7/31/2016 20:37:25, 11.9,352.7, 56.5,-57.5,  0.000, 25.90,  0.0,  0.0,-99.000, -99.00,-99.000, -99.00,-99.000, -99.00,-99.000, -99.00,-99.000, -99.00,-99.000, -99.00,-99.000, -99.00,-99.000, -99.00,-99.000, -99.00,-99.000, -99.00,-99.000, -99.00,-99.000, -99.00,-99.000, -99.00,-99.000, -99.00,-99.000, -99.00,
7/31/2016 20:37:26, 11.9,352.1, 56.5,-57.5,  0.000, 25.90,  0.0,  0.0,-99.000, -99.00,-99.000, -99.00,-99.000, -99.00,-99.000, -99.00,-99.000, -99.00,-99.000, -99.00,-99.000, -99.00,-99.000, -99.00,-99.000, -99.00,-99.000, -99.00,-99.000, -99.00,-99.000, -99.00,-99.000, -99.00,-99.000, -99.00,-99.000, -99.00,
7/31/2016 20:37:27, 11.9,353.7, 56.5,-57.5,  0.000, 25.90,  0.0,  0.0,-99.000, -99.00,-99.000, -99.00,-99.000, -99.00,-99.000, -99.00,-99.000, -99.00,-99.000, -99.00,-99.000, -99.00,-99.000, -99.00,-99.000, -99.00,-99.000, -99.00,-99.000, -99.00,-99.000, -99.00,-99.000, -99.00,-99.000, -99.00,-99.000, -99.00,
7/31/2016 20:37:28, 11.9,351.7, 56.5,-57.5,  0.000, 25.90,  0.0,  0.0,-99.000, -99.00,-99.000, -99.00,-99.000, -99.00,-99.000, -99.00,-99.000, -99.00,-99.000, -99.00,-99.000, -99.00,-99.000, -99.00,-99.000, -99.00,-99.000, -99.00,-99.000, -99.00,-99.000, -99.00,-99.000, -99.00,-99.000, -99.00,-99.000, -99.00,
7/31/2016 20:37:29, 11.9,351.9, 56.5,-57.5,  0.000, 25.90,  0.0,  0.0,-99.000, -99.00,-99.000, -99.00,-99.000, -99.00,-99.000, -99.00,-99.000, -99.00,-99.000, -99.00,-99.000, -99.00,-99.000, -99.00,-99.000, -99.00,-99.000, -99.00,-99.000, -99.00,-99.000, -99.00,-99.000, -99.00,-99.000, -99.00,-99.000, -99.00,
7/31/2016 20:37:30, 11.9,351.6, 56.5,-57.5,  0.000, 25.90,  0.0,  0.0,-99.000, -99.00,-99.000, -99.00,-99.000, -99.00,-99.000, -99.00,-99.000, -99.00,-99.000, -99.00,-99.000, -99.00,-99.000, -99.00,-99.000, -99.00,-99.000, -99.00,-99.000, -99.00,-99.000, -99.00,-99.000, -99.00,-99.000, -99.00,-99.000, -99.00,
7/31/2016 20:37:31, 11.9,351.4, 56.5,-57.5,  0.000, 25.90,  0.0,  0.0,-99.000, -99.00,-99.000, -99.00,-99.000, -99.00,-99.000, -99.00,-99.000, -99.00,-99.000, -99.00,-99.000, -99.00,-99.000, -99.00,-99.000, -99.00,-99.000, -99.00,-99.000, -99.00,-99.000, -99.00,-99.000, -99.00,-99.000, -99.00,-99.000, -99.00,
7/31/2016 20:37:32, 11.9,352.0, 56.5,-57.5,  0.000, 25.90,  0.0,  0.0,-99.000, -99.00,-99.000, -99.00,-99.000, -99.00,-99.000, -99.00,-99.000, -99.00,-99.000, -99.00,-99.000, -99.00,-99.000, -99.00,-99.000, -99.00,-99.000, -99.00,-99.000, -99.00,-99.000, -99.00,-99.000, -99.00,-99.000, -99.00,-99.000, -99.00,
7/31/2016 20:37:33, 11.9,352.7, 56.5,-57.5,  0.000, 25.90,  0.0,  0.0,-99.000, -99.00,-99.000, -99.00,-99.000, -99.00,-99.000, -99.00,-99.000, -99.00,-99.000, -99.00,-99.000, -99.00,-99.000, -99.00,-99.000, -99.00,-99.000, -99.00,-99.000, -99.00,-99.000, -99.00,-99.000, -99.00,-99.000, -99.00,-99.000, -99.00,
7/31/2016 20:37:34, 11.9,352.4, 56.5,-57.5,  0.000, 25.90,  0.0,  0.0,-99.000, -99.00,-99.000, -99.00,-99.000, -99.00,-99.000, -99.00,-99.000, -99.00,-99.000, -99.00,-99.000, -99.00,-99.000, -99.00,-99.000, -99.00,-99.000, -99.00,-99.000, -99.00,-99.000, -99.00,-99.000, -99.00,-99.000, -99.00,-99.000, -99.00,
7/31/2016 20:37:35, 11.9,352.2, 56.5,-57.5,  0.000, 25.90,  0.0,  0.0,-99.000, -99.00,-99.000, -99.00,-99.000, -99.00,-99.000, -99.00,-99.000, -99.00,-99.000, -99.00,-99.000, -99.00,-99.000, -99.00,-99.000, -99.00,-99.000, -99.00,-99.000, -99.00,-99.000, -99.00,-99.000, -99.00,-99.000, -99.00,-99.000, -99.00,
7/31/2016 20:37:36, 11.9,352.2, 56.5,-57.5,  0.000, 25.90,  0.0,  0.0,-99.000, -99.00,-99.000, -99.00,-99.000, -99.00,-99.000, -99.00,-99.000, -99.00,-99.000, -99.00,-99.000, -99.00,-99.000, -99.00,-99.000, -99.00,-99.000, -99.00,-99.000, -99.00,-99.000, -99.00,-99.000, -99.00,-99.000, -99.00,-99.000, -99.00,
7/31/2016 20:37:37, 11.9,352.4, 56.5,-57.5,  0.000, 25.90,  0.0,  0.0,-99.000, -99.00,-99.000, -99.00,-99.000, -99.00,-99.000, -99.00,-99.000, -99.00,-99.000, -99.00,-99.000, -99.00,-99.000, -99.00,-99.000, -99.00,-99.000, -99.00,-99.000, -99.00,-99.000, -99.00,-99.000, -99.00,-99.000, -99.00,-99.000, -99.00,
7/31/2016 20:37:38, 11.9,352.3, 56.5,-57.5,  0.000, 25.90,  0.0,  0.0,-99.000, -99.00,-99.000, -99.00,-99.000, -99.00,-99.000, -99.00,-99.000, -99.00,-99.000, -99.00,-99.000, -99.00,-99.000, -99.00,-99.000, -99.00,-99.000, -99.00,-99.000, -99.00,-99.000, -99.00,-99.000, -99.00,-99.000, -99.00,-99.000, -99.00,
7/31/2016 20:37:39, 11.9,352.0, 56.5,-57.5,  0.000, 25.90,  0.0,  0.0,-99.000, -99.00,-99.000, -99.00,-99.000, -99.00,-99.000, -99.00,-99.000, -99.00,-99.000, -99.00,-99.000, -99.00,-99.000, -99.00,-99.000, -99.00,-99.000, -99.00,-99.000, -99.00,-99.000, -99.00,-99.000, -99.00,-99.000, -99.00,-99.000, -99.00,
7/31/2016 20:37:40, 11.9,353.3, 56.5,-57.5,  0.000, 25.90,  0.0,  0.0,-99.000, -99.00,-99.000, -99.00,-99.000, -99.00,-99.000, -99.00,-99.000, -99.00,-99.000, -99.00,-99.000, -99.00,-99.000, -99.00,-99.000, -99.00,-99.000, -99.00,-99.000, -99.00,-99.000, -99.00,-99.000, -99.00,-99.000, -99.00,-99.000, -99.00,
7/31/2016 20:37:41, 11.9,353.3, 56.5,-57.5,  0.000, 25.90,  0.0,  0.0,-99.000, -99.00,-99.000, -99.00,-99.000, -99.00,-99.000, -99.00,-99.000, -99.00,-99.000, -99.00,-99.000, -99.00,-99.000, -99.00,-99.000, -99.00,-99.000, -99.00,-99.000, -99.00,-99.000, -99.00,-99.000, -99.00,-99.000, -99.00,-99.000, -99.00,
7/31/2016 20:37:42, 11.9,353.1, 56.5,-57.5,  0.000, 25.90,  0.0,  0.0,-99.000, -99.00,-99.000, -99.00,-99.000, -99.00,-99.000, -99.00,-99.000, -99.00,-99.000, -99.00,-99.000, -99.00,-99.000, -99.00,-99.000, -99.00,-99.000, -99.00,-99.000, -99.00,-99.000, -99.00,-99.000, -99.00,-99.000, -99.00,-99.000, -99.00,
7/31/2016 20:37:43, 11.9,353.2, 56.5,-57.5,  0.000, 25.90,  0.0,  0.0,-99.000, -99.00,-99.000, -99.00,-99.000, -99.00,-99.000, -99.00,-99.000, -99.00,-99.000, -99.00,-99.000, -99.00,-99.000, -99.00,-99.000, -99.00,-99.000, -99.00,-99.000, -99.00,-99.000, -99.00,-99.000, -99.00,-99.000, -99.00,-99.000, -99.00,
7/31/2016 20:37:44, 11.9,352.5, 56.5,-57.5,  0.000, 25.90,  0.0,  0.0,-99.000, -99.00,-99.000, -99.00,-99.000, -99.00,-99.000, -99.00,-99.000, -99.00,-99.000, -99.00,-99.000, -99.00,-99.000, -99.00,-99.000, -99.00,-99.000, -99.00,-99.000, -99.00,-99.000, -99.00,-99.000, -99.00,-99.000, -99.00,-99.000, -99.00,
7/31/2016 20:37:45, 11.9,353.0, 56.5,-57.5,  0.000, 25.90,  0.0,  0.0,-99.000, -99.00,-99.000, -99.00,-99.000, -99.00,-99.000, -99.00,-99.000, -99.00,-99.000, -99.00,-99.000, -99.00,-99.000, -99.00,-99.000, -99.00,-99.000, -99.00,-99.000, -99.00,-99.000, -99.00,-99.000, -99.00,-99.000, -99.00,-99.000, -99.00,
7/31/2016 20:37:46, 11.9,347.6, 56.5,-57.5,  0.000, 25.90,  0.0,  0.0,-99.000, -99.00,-99.000, -99.00,-99.000, -99.00,-99.000, -99.00,-99.000, -99.00,-99.000, -99.00,-99.000, -99.00,-99.000, -99.00,-99.000, -99.00,-99.000, -99.00,-99.000, -99.00,-99.000, -99.00,-99.000, -99.00,-99.000, -99.00,-99.000, -99.00,
7/31/2016 20:37:47, 11.9,347.9, 56.5,-57.5,  0.000, 25.90,  0.0,  0.0,-99.000, -99.00,-99.000, -99.00,-99.000, -99.00,-99.000, -99.00,-99.000, -99.00,-99.000, -99.00,-99.000, -99.00,-99.000, -99.00,-99.000, -99.00,-99.000, -99.00,-99.000, -99.00,-99.000, -99.00,-99.000, -99.00,-99.000, -99.00,-99.000, -99.00,
7/31/2016 20:37:48, 11.9,348.0, 56.5,-57.5,  0.000, 25.90,  0.0,  0.0,-99.000, -99.00,-99.000, -99.00,-99.000, -99.00,-99.000, -99.00,-99.000, -99.00,-99.000, -99.00,-99.000, -99.00,-99.000, -99.00,-99.000, -99.00,-99.000, -99.00,-99.000, -99.00,-99.000, -99.00,-99.000, -99.00,-99.000, -99.00,-99.000, -99.00,
7/31/2016 20:37:49, 11.9,348.7, 56.5,-57.5,  0.000, 25.90,  0.0,  0.0,-99.000, -99.00,-99.000, -99.00,-99.000, -99.00,-99.000, -99.00,-99.000, -99.00,-99.000, -99.00,-99.000, -99.00,-99.000, -99.00,-99.000, -99.00,-99.000, -99.00,-99.000, -99.00,-99.000, -99.00,-99.000, -99.00,-99.000, -99.00,-99.000, -99.00,
7/31/2016 20:37:50, 11.9,345.7, 56.5,-57.5,  0.000, 25.90,  0.0,  0.0,-99.000, -99.00,-99.000, -99.00,-99.000, -99.00,-99.000, -99.00,-99.000, -99.00,-99.000, -99.00,-99.000, -99.00,-99.000, -99.00,-99.000, -99.00,-99.000, -99.00,-99.000, -99.00,-99.000, -99.00,-99.000, -99.00,-99.000, -99.00,-99.000, -99.00,
7/31/2016 20:37:51, 11.9,341.2, 56.5,-57.5,  0.000, 25.90,  0.0,  0.0,-99.000, -99.00,-99.000, -99.00,-99.000, -99.00,-99.000, -99.00,-99.000, -99.00,-99.000, -99.00,-99.000, -99.00,-99.000, -99.00,-99.000, -99.00,-99.000, -99.00,-99.000, -99.00,-99.000, -99.00,-99.000, -99.00,-99.000, -99.00,-99.000, -99.00,
7/31/2016 20:37:52, 11.9,346.7, 56.5,-57.5,  0.000, 25.90,  0.0,  0.0,-99.000, -99.00,-99.000, -99.00,-99.000, -99.00,-99.000, -99.00,-99.000, -99.00,-99.000, -99.00,-99.000, -99.00,-99.000, -99.00,-99.000, -99.00,-99.000, -99.00,-99.000, -99.00,-99.000, -99.00,-99.000, -99.00,-99.000, -99.00,-99.000, -99.00,
7/31/2016 20:37:53, 11.9,339.1, 56.5,-57.5,  0.000, 25.90,  0.0,  0.0,-99.000, -99.00,-99.000, -99.00,-99.000, -99.00,-99.000, -99.00,-99.000, -99.00,-99.000, -99.00,-99.000, -99.00,-99.000, -99.00,-99.000, -99.00,-99.000, -99.00,-99.000, -99.00,-99.000, -99.00,-99.000, -99.00,-99.000, -99.00,-99.000, -99.00,
7/31/2016 20:37:54, 11.9,341.6, 56.5,-57.5,  0.000, 25.90,  0.0,  0.0,-99.000, -99.00,-99.000, -99.00,-99.000, -99.00,-99.000, -99.00,-99.000, -99.00,-99.000, -99.00,-99.000, -99.00,-99.000, -99.00,-99.000, -99.00,-99.000, -99.00,-99.000, -99.00,-99.000, -99.00,-99.000, -99.00,-99.000, -99.00,-99.000, -99.00,
7/31/2016 20:37:55, 11.9,346.2, 56.5,-57.5,  0.000, 25.90,  0.0,  0.0,-99.000, -99.00,-99.000, -99.00,-99.000, -99.00,-99.000, -99.00,-99.000, -99.00,-99.000, -99.00,-99.000, -99.00,-99.000, -99.00,-99.000, -99.00,-99.000, -99.00,-99.000, -99.00,-99.000, -99.00,-99.000, -99.00,-99.000, -99.00,-99.000, -99.00,
7/31/2016 20:37:56, 11.9,344.2, 56.5,-57.5,  0.000, 25.90,  0.0,  0.0,-99.000, -99.00,-99.000, -99.00,-99.000, -99.00,-99.000, -99.00,-99.000, -99.00,-99.000, -99.00,-99.000, -99.00,-99.000, -99.00,-99.000, -99.00,-99.000, -99.00,-99.000, -99.00,-99.000, -99.00,-99.000, -99.00,-99.000, -99.00,-99.000, -99.00,
7/31/2016 20:37:57, 11.9,343.8, 56.5,-57.5,  0.000, 25.90,  0.0,  0.0,-99.000, -99.00,-99.000, -99.00,-99.000, -99.00,-99.000, -99.00,-99.000, -99.00,-99.000, -99.00,-99.000, -99.00,-99.000, -99.00,-99.000, -99.00,-99.000, -99.00,-99.000, -99.00,-99.000, -99.00,-99.000, -99.00,-99.000, -99.00,-99.000, -99.00,
7/31/2016 20:37:58, 11.9,347.4, 56.5,-57.5,  0.000, 25.90,  0.0,  0.0,-99.000, -99.00,-99.000, -99.00,-99.000, -99.00,-99.000, -99.00,-99.000, -99.00,-99.000, -99.00,-99.000, -99.00,-99.000, -99.00,-99.000, -99.00,-99.000, -99.00,-99.000, -99.00,-99.000, -99.00,-99.000, -99.00,-99.000, -99.00,-99.000, -99.00,
7/31/2016 20:37:59, 11.9,347.0, 56.5,-57.5,  0.000, 25.90,  0.0,  0.0,-99.000, -99.00,-99.000, -99.00,-99.000, -99.00,-99.000, -99.00,-99.000, -99.00,-99.000, -99.00,-99.000, -99.00,-99.000, -99.00,-99.000, -99.00,-99.000, -99.00,-99.000, -99.00,-99.000, -99.00,-99.000, -99.00,-99.000, -99.00,-99.000, -99.00,
7/31/2016 20:38:00, 11.9,344.8, 56.5,-57.5,  0.000, 25.90,  0.0,  0.0,-99.000, -99.00,-99.000, -99.00,-99.000, -99.00,-99.000, -99.00,-99.000, -99.00,-99.000, -99.00,-99.000, -99.00,-99.000, -99.00,-99.000, -99.00,-99.000, -99.00,-99.000, -99.00,-99.000, -99.00,-99.000, -99.00,-99.000, -99.00,-99.000, -99.00,
7/31/2016 20:38:01, 11.9,346.7, 56.5,-57.5,  0.000, 25.90,  0.0,  0.0,-99.000, -99.00,-99.000, -99.00,-99.000, -99.00,-99.000, -99.00,-99.000, -99.00,-99.000, -99.00,-99.000, -99.00,-99.000, -99.00,-99.000, -99.00,-99.000, -99.00,-99.000, -99.00,-99.000, -99.00,-99.000, -99.00,-99.000, -99.00,-99.000, -99.00,
7/31/2016 20:38:02, 11.9,346.8, 56.5,-57.5,  0.000, 25.90,  0.0,  0.0,-99.000, -99.00,-99.000, -99.00,-99.000, -99.00,-99.000, -99.00,-99.000, -99.00,-99.000, -99.00,-99.000, -99.00,-99.000, -99.00,-99.000, -99.00,-99.000, -99.00,-99.000, -99.00,-99.000, -99.00,-99.000, -99.00,-99.000, -99.00,-99.000, -99.00,
7/31/2016 20:38:03, 11.9,347.2, 56.5,-57.5,  0.000, 25.90,  0.0,  0.0,-99.000, -99.00,-99.000, -99.00,-99.000, -99.00,-99.000, -99.00,-99.000, -99.00,-99.000, -99.00,-99.000, -99.00,-99.000, -99.00,-99.000, -99.00,-99.000, -99.00,-99.000, -99.00,-99.000, -99.00,-99.000, -99.00,-99.000, -99.00,-99.000, -99.00,
7/31/2016 20:38:04, 11.9,346.0, 56.5,-57.5,  0.000, 25.90,  0.0,  0.0,-99.000, -99.00,-99.000, -99.00,-99.000, -99.00,-99.000, -99.00,-99.000, -99.00,-99.000, -99.00,-99.000, -99.00,-99.000, -99.00,-99.000, -99.00,-99.000, -99.00,-99.000, -99.00,-99.000, -99.00,-99.000, -99.00,-99.000, -99.00,-99.000, -99.00,
7/31/2016 20:38:05, 11.9,349.1, 56.5,-57.5,  0.000, 25.90,  0.0,  0.0,-99.000, -99.00,-99.000, -99.00,-99.000, -99.00,-99.000, -99.00,-99.000, -99.00,-99.000, -99.00,-99.000, -99.00,-99.000, -99.00,-99.000, -99.00,-99.000, -99.00,-99.000, -99.00,-99.000, -99.00,-99.000, -99.00,-99.000, -99.00,-99.000, -99.00,
7/31/2016 20:38:06, 11.9,349.2, 56.5,-57.5,  0.000, 25.90,  0.0,  0.0,-99.000, -99.00,-99.000, -99.00,-99.000, -99.00,-99.000, -99.00,-99.000, -99.00,-99.000, -99.00,-99.000, -99.00,-99.000, -99.00,-99.000, -99.00,-99.000, -99.00,-99.000, -99.00,-99.000, -99.00,-99.000, -99.00,-99.000, -99.00,-99.000, -99.00,
7/31/2016 20:38:07, 11.9,349.3, 56.5,-57.5,  0.000, 25.90,  0.0,  0.0,-99.000, -99.00,-99.000, -99.00,-99.000, -99.00,-99.000, -99.00,-99.000, -99.00,-99.000, -99.00,-99.000, -99.00,-99.000, -99.00,-99.000, -99.00,-99.000, -99.00,-99.000, -99.00,-99.000, -99.00,-99.000, -99.00,-99.000, -99.00,-99.000, -99.00,
7/31/2016 20:38:08, 11.9,349.8, 56.5,-57.5,  0.000, 25.90,  0.0,  0.0,-99.000, -99.00,-99.000, -99.00,-99.000, -99.00,-99.000, -99.00,-99.000, -99.00,-99.000, -99.00,-99.000, -99.00,-99.000, -99.00,-99.000, -99.00,-99.000, -99.00,-99.000, -99.00,-99.000, -99.00,-99.000, -99.00,-99.000, -99.00,-99.000, -99.00,
7/31/2016 20:38:09, 11.9,350.5, 56.5,-57.5,  0.000, 25.90,  0.0,  0.0,-99.000, -99.00,-99.000, -99.00,-99.000, -99.00,-99.000, -99.00,-99.000, -99.00,-99.000, -99.00,-99.000, -99.00,-99.000, -99.00,-99.000, -99.00,-99.000, -99.00,-99.000, -99.00,-99.000, -99.00,-99.000, -99.00,-99.000, -99.00,-99.000, -99.00,
7/31/2016 20:38:10, 11.9,350.2, 56.5,-57.5,  0.000, 25.90,  0.0,  0.0,-99.000, -99.00,-99.000, -99.00,-99.000, -99.00,-99.000, -99.00,-99.000, -99.00,-99.000, -99.00,-99.000, -99.00,-99.000, -99.00,-99.000, -99.00,-99.000, -99.00,-99.000, -99.00,-99.000, -99.00,-99.000, -99.00,-99.000, -99.00,-99.000, -99.00,
7/31/2016 20:38:11, 11.9,350.1, 56.5,-57.5,  0.000, 25.90,  0.0,  0.0,-99.000, -99.00,-99.000, -99.00,-99.000, -99.00,-99.000, -99.00,-99.000, -99.00,-99.000, -99.00,-99.000, -99.00,-99.000, -99.00,-99.000, -99.00,-99.000, -99.00,-99.000, -99.00,-99.000, -99.00,-99.000, -99.00,-99.000, -99.00,-99.000, -99.00,
7/31/2016 20:38:12, 11.9,350.2, 56.5,-57.5,  0.000, 25.90,  0.0,  0.0,-99.000, -99.00,-99.000, -99.00,-99.000, -99.00,-99.000, -99.00,-99.000, -99.00,-99.000, -99.00,-99.000, -99.00,-99.000, -99.00,-99.000, -99.00,-99.000, -99.00,-99.000, -99.00,-99.000, -99.00,-99.000, -99.00,-99.000, -99.00,-99.000, -99.00,
7/31/2016 20:38:13, 11.9,351.4, 56.5,-57.5,  0.000, 25.90,  0.0,  0.0,-99.000, -99.00,-99.000, -99.00,-99.000, -99.00,-99.000, -99.00,-99.000, -99.00,-99.000, -99.00,-99.000, -99.00,-99.000, -99.00,-99.000, -99.00,-99.000, -99.00,-99.000, -99.00,-99.000, -99.00,-99.000, -99.00,-99.000, -99.00,-99.000, -99.00,
7/31/2016 20:38:14, 11.9,351.2, 56.5,-57.5,  0.000, 25.90,  0.0,  0.0,-99.000, -99.00,-99.000, -99.00,-99.000, -99.00,-99.000, -99.00,-99.000, -99.00,-99.000, -99.00,-99.000, -99.00,-99.000, -99.00,-99.000, -99.00,-99.000, -99.00,-99.000, -99.00,-99.000, -99.00,-99.000, -99.00,-99.000, -99.00,-99.000, -99.00,
7/31/2016 20:38:15, 11.9,351.8, 56.5,-57.5,  0.000, 25.90,  0.0,  0.0,-99.000, -99.00,-99.000, -99.00,-99.000, -99.00,-99.000, -99.00,-99.000, -99.00,-99.000, -99.00,-99.000, -99.00,-99.000, -99.00,-99.000, -99.00,-99.000, -99.00,-99.000, -99.00,-99.000, -99.00,-99.000, -99.00,-99.000, -99.00,-99.000, -99.00,
7/31/2016 20:38:16, 11.9,350.8, 56.5,-57.5,  0.000, 25.90,  0.0,  0.0,-99.000, -99.00,-99.000, -99.00,-99.000, -99.00,-99.000, -99.00,-99.000, -99.00,-99.000, -99.00,-99.000, -99.00,-99.000, -99.00,-99.000, -99.00,-99.000, -99.00,-99.000, -99.00,-99.000, -99.00,-99.000, -99.00,-99.000, -99.00,-99.000, -99.00,
7/31/2016 20:38:17, 11.9,355.2, 56.5,-57.5,  0.000, 25.90,  0.0,  0.0,-99.000, -99.00,-99.000, -99.00,-99.000, -99.00,-99.000, -99.00,-99.000, -99.00,-99.000, -99.00,-99.000, -99.00,-99.000, -99.00,-99.000, -99.00,-99.000, -99.00,-99.000, -99.00,-99.000, -99.00,-99.000, -99.00,-99.000, -99.00,-99.000, -99.00,
7/31/2016 20:38:18, 11.9,355.0, 56.5,-57.5,  0.000, 25.90,  0.0,  0.0,-99.000, -99.00,-99.000, -99.00,-99.000, -99.00,-99.000, -99.00,-99.000, -99.00,-99.000, -99.00,-99.000, -99.00,-99.000, -99.00,-99.000, -99.00,-99.000, -99.00,-99.000, -99.00,-99.000, -99.00,-99.000, -99.00,-99.000, -99.00,-99.000, -99.00,
7/31/2016 20:38:19, 11.9,355.0, 56.5,-57.5,  0.000, 25.90,  0.0,  0.0,-99.000, -99.00,-99.000, -99.00,-99.000, -99.00,-99.000, -99.00,-99.000, -99.00,-99.000, -99.00,-99.000, -99.00,-99.000, -99.00,-99.000, -99.00,-99.000, -99.00,-99.000, -99.00,-99.000, -99.00,-99.000, -99.00,-99.000, -99.00,-99.000, -99.00,
7/31/2016 20:38:20, 11.9,354.0, 56.5,-57.5,  0.000, 25.90,  0.0,  0.0,-99.000, -99.00,-99.000, -99.00,-99.000, -99.00,-99.000, -99.00,-99.000, -99.00,-99.000, -99.00,-99.000, -99.00,-99.000, -99.00,-99.000, -99.00,-99.000, -99.00,-99.000, -99.00,-99.000, -99.00,-99.000, -99.00,-99.000, -99.00,-99.000, -99.00,
7/31/2016 20:38:21, 11.9,354.0, 56.5,-57.5,  0.000, 25.90,  0.0,  0.0,-99.000, -99.00,-99.000, -99.00,-99.000, -99.00,-99.000, -99.00,-99.000, -99.00,-99.000, -99.00,-99.000, -99.00,-99.000, -99.00,-99.000, -99.00,-99.000, -99.00,-99.000, -99.00,-99.000, -99.00,-99.000, -99.00,-99.000, -99.00,-99.000, -99.00,
7/31/2016 20:38:22, 11.9,352.9, 56.5,-57.5,  0.000, 25.90,  0.0,  0.0,-99.000, -99.00,-99.000, -99.00,-99.000, -99.00,-99.000, -99.00,-99.000, -99.00,-99.000, -99.00,-99.000, -99.00,-99.000, -99.00,-99.000, -99.00,-99.000, -99.00,-99.000, -99.00,-99.000, -99.00,-99.000, -99.00,-99.000, -99.00,-99.000, -99.00,
7/31/2016 20:38:23, 11.9,353.8, 56.5,-57.5,  0.000, 25.90,  0.0,  0.0,-99.000, -99.00,-99.000, -99.00,-99.000, -99.00,-99.000, -99.00,-99.000, -99.00,-99.000, -99.00,-99.000, -99.00,-99.000, -99.00,-99.000, -99.00,-99.000, -99.00,-99.000, -99.00,-99.000, -99.00,-99.000, -99.00,-99.000, -99.00,-99.000, -99.00,
7/31/2016 20:38:24, 11.9,353.9, 56.5,-57.5,  0.000, 25.90,  0.0,  0.0,-99.000, -99.00,-99.000, -99.00,-99.000, -99.00,-99.000, -99.00,-99.000, -99.00,-99.000, -99.00,-99.000, -99.00,-99.000, -99.00,-99.000, -99.00,-99.000, -99.00,-99.000, -99.00,-99.000, -99.00,-99.000, -99.00,-99.000, -99.00,-99.000, -99.00,
7/31/2016 20:38:25, 11.9,353.6, 56.5,-57.5,  0.000, 25.90,  0.0,  0.0,-99.000, -99.00,-99.000, -99.00,-99.000, -99.00,-99.000, -99.00,-99.000, -99.00,-99.000, -99.00,-99.000, -99.00,-99.000, -99.00,-99.000, -99.00,-99.000, -99.00,-99.000, -99.00,-99.000, -99.00,-99.000, -99.00,-99.000, -99.00,-99.000, -99.00,
7/31/2016 20:38:26, 11.9,355.6, 56.5,-57.5,  0.000, 25.90,  0.0,  0.0,-99.000, -99.00,-99.000, -99.00,-99.000, -99.00,-99.000, -99.00,-99.000, -99.00,-99.000, -99.00,-99.000, -99.00,-99.000, -99.00,-99.000, -99.00,-99.000, -99.00,-99.000, -99.00,-99.000, -99.00,-99.000, -99.00,-99.000, -99.00,-99.000, -99.00,
7/31/2016 20:38:27, 11.9,339.3, 56.5,-57.5,  0.000, 25.90,  0.0,  0.0,-99.000, -99.00,-99.000, -99.00,-99.000, -99.00,-99.000, -99.00,-99.000, -99.00,-99.000, -99.00,-99.000, -99.00,-99.000, -99.00,-99.000, -99.00,-99.000, -99.00,-99.000, -99.00,-99.000, -99.00,-99.000, -99.00,-99.000, -99.00,-99.000, -99.00,
7/31/2016 20:38:28, 11.9,  4.2, 56.5,-57.5,  0.000, 25.90,  0.0,  0.0,-99.000, -99.00,-99.000, -99.00,-99.000, -99.00,-99.000, -99.00,-99.000, -99.00,-99.000, -99.00,-99.000, -99.00,-99.000, -99.00,-99.000, -99.00,-99.000, -99.00,-99.000, -99.00,-99.000, -99.00,-99.000, -99.00,-99.000, -99.00,-99.000, -99.00,
7/31/2016 20:38:29, 11.9,  4.5, 56.5,-57.5,  0.000, 25.90,  0.0,  0.0,-99.000, -99.00,-99.000, -99.00,-99.000, -99.00,-99.000, -99.00,-99.000, -99.00,-99.000, -99.00,-99.000, -99.00,-99.000, -99.00,-99.000, -99.00,-99.000, -99.00,-99.000, -99.00,-99.000, -99.00,-99.000, -99.00,-99.000, -99.00,-99.000, -99.00,
7/31/2016 20:38:30, 11.9,  0.1, 56.5,-57.5,  0.000, 25.90,  0.0,  0.0,-99.000, -99.00,-99.000, -99.00,-99.000, -99.00,-99.000, -99.00,-99.000, -99.00,-99.000, -99.00,-99.000, -99.00,-99.000, -99.00,-99.000, -99.00,-99.000, -99.00,-99.000, -99.00,-99.000, -99.00,-99.000, -99.00,-99.000, -99.00,-99.000, -99.00,
7/31/2016 20:38:31, 11.9,  4.0, 56.5,-57.5,  0.000, 25.90,  0.0,  0.0,-99.000, -99.00,-99.000, -99.00,-99.000, -99.00,-99.000, -99.00,-99.000, -99.00,-99.000, -99.00,-99.000, -99.00,-99.000, -99.00,-99.000, -99.00,-99.000, -99.00,-99.000, -99.00,-99.000, -99.00,-99.000, -99.00,-99.000, -99.00,-99.000, -99.00,
7/31/2016 20:38:32, 11.9,  3.4, 56.5,-57.5,  0.000, 25.90,  0.0,  0.0,-99.000, -99.00,-99.000, -99.00,-99.000, -99.00,-99.000, -99.00,-99.000, -99.00,-99.000, -99.00,-99.000, -99.00,-99.000, -99.00,-99.000, -99.00,-99.000, -99.00,-99.000, -99.00,-99.000, -99.00,-99.000, -99.00,-99.000, -99.00,-99.000, -99.00,
7/31/2016 20:38:33, 11.9,  3.2, 56.5,-57.5,  0.000, 25.90,  0.0,  0.0,-99.000, -99.00,-99.000, -99.00,-99.000, -99.00,-99.000, -99.00,-99.000, -99.00,-99.000, -99.00,-99.000, -99.00,-99.000, -99.00,-99.000, -99.00,-99.000, -99.00,-99.000, -99.00,-99.000, -99.00,-99.000, -99.00,-99.000, -99.00,-99.000, -99.00,
7/31/2016 20:38:34, 11.9,  3.1, 56.5,-57.5,  0.000, 25.90,  0.0,  0.0,-99.000, -99.00,-99.000, -99.00,-99.000, -99.00,-99.000, -99.00,-99.000, -99.00,-99.000, -99.00,-99.000, -99.00,-99.000, -99.00,-99.000, -99.00,-99.000, -99.00,-99.000, -99.00,-99.000, -99.00,-99.000, -99.00,-99.000, -99.00,-99.000, -99.00,
7/31/2016 20:38:35, 11.9,  4.8, 56.5,-57.5,  0.000, 25.90,  0.0,  0.0,-99.000, -99.00,-99.000, -99.00,-99.000, -99.00,-99.000, -99.00,-99.000, -99.00,-99.000, -99.00,-99.000, -99.00,-99.000, -99.00,-99.000, -99.00,-99.000, -99.00,-99.000, -99.00,-99.000, -99.00,-99.000, -99.00,-99.000, -99.00,-99.000, -99.00,
7/31/2016 20:38:36, 11.9,152.0, 52.6, 33.7,  0.000, 25.90,  0.0,  0.0,-99.000, -99.00,-99.000, -99.00,-99.000, -99.00,-99.000, -99.00,-99.000, -99.00,-99.000, -99.00,-99.000, -99.00,-99.000, -99.00,-99.000, -99.00,-99.000, -99.00,-99.000, -99.00,-99.000, -99.00,-99.000, -99.00,-99.000, -99.00,-99.000, -99.00,
7/31/2016 20:38:37, 11.9,239.0,  0.9, -1.5,  0.000, 25.90,  0.0,  0.0,-99.000, -99.00,-99.000, -99.00,-99.000, -99.00,-99.000, -99.00,-99.000, -99.00,-99.000, -99.00,-99.000, -99.00,-99.000, -99.00,-99.000, -99.00,-99.000, -99.00,-99.000, -99.00,-99.000, -99.00,-99.000, -99.00,-99.000, -99.00,-99.000, -99.00,
7/31/2016 20:38:38, 11.9,259.4,  3.4,  3.2,  0.000, 25.90,  0.0,  0.0,-99.000, -99.00,-99.000, -99.00,-99.000, -99.00,-99.000, -99.00,-99.000, -99.00,-99.000, -99.00,-99.000, -99.00,-99.000, -99.00,-99.000, -99.00,-99.000, -99.00,-99.000, -99.00,-99.000, -99.00,-99.000, -99.00,-99.000, -99.00,-99.000, -99.00,
7/31/2016 20:38:39, 11.9,248.0, 11.5,  1.8,  0.000, 25.90,  0.0,  0.0,-99.000, -99.00,-99.000, -99.00,-99.000, -99.00,-99.000, -99.00,-99.000, -99.00,-99.000, -99.00,-99.000, -99.00,-99.000, -99.00,-99.000, -99.00,-99.000, -99.00,-99.000, -99.00,-99.000, -99.00,-99.000, -99.00,-99.000, -99.00,-99.000, -99.00,
7/31/2016 20:38:40, 11.9,245.6,  7.9,  1.7,  0.000, 25.90,  0.0,  0.0,-99.000, -99.00,-99.000, -99.00,-99.000, -99.00,-99.000, -99.00,-99.000, -99.00,-99.000, -99.00,-99.000, -99.00,-99.000, -99.00,-99.000, -99.00,-99.000, -99.00,-99.000, -99.00,-99.000, -99.00,-99.000, -99.00,-99.000, -99.00,-99.000, -99.00,
7/31/2016 20:38:41, 11.9,242.7,  8.3,  2.1,  0.000, 25.90,  0.0,  0.0,-99.000, -99.00,-99.000, -99.00,-99.000, -99.00,-99.000, -99.00,-99.000, -99.00,-99.000, -99.00,-99.000, -99.00,-99.000, -99.00,-99.000, -99.00,-99.000, -99.00,-99.000, -99.00,-99.000, -99.00,-99.000, -99.00,-99.000, -99.00,-99.000, -99.00,
7/31/2016 20:38:42, 11.9,247.8,  6.1,  3.6,  0.000, 25.90,  0.0,  0.0,-99.000, -99.00,-99.000, -99.00,-99.000, -99.00,-99.000, -99.00,-99.000, -99.00,-99.000, -99.00,-99.000, -99.00,-99.000, -99.00,-99.000, -99.00,-99.000, -99.00,-99.000, -99.00,-99.000, -99.00,-99.000, -99.00,-99.000, -99.00,-99.000, -99.00,
7/31/2016 20:38:43, 11.9,234.4, -7.3,  6.0,  0.000, 25.90,  0.0,  0.0,-99.000, -99.00,-99.000, -99.00,-99.000, -99.00,-99.000, -99.00,-99.000, -99.00,-99.000, -99.00,-99.000, -99.00,-99.000, -99.00,-99.000, -99.00,-99.000, -99.00,-99.000, -99.00,-99.000, -99.00,-99.000, -99.00,-99.000, -99.00,-99.000, -99.00,
7/31/2016 20:38:44, 11.9,204.4,  0.5,  0.5,  0.000, 25.90,  0.0,  0.0,-99.000, -99.00,-99.000, -99.00,-99.000, -99.00,-99.000, -99.00,-99.000, -99.00,-99.000, -99.00,-99.000, -99.00,-99.000, -99.00,-99.000, -99.00,-99.000, -99.00,-99.000, -99.00,-99.000, -99.00,-99.000, -99.00,-99.000, -99.00,-99.000, -99.00,
7/31/2016 20:38:45, 11.9,195.6,  1.7, -2.1,  0.000, 25.90,  0.0,  0.0,-99.000, -99.00,-99.000, -99.00,-99.000, -99.00,-99.000, -99.00,-99.000, -99.00,-99.000, -99.00,-99.000, -99.00,-99.000, -99.00,-99.000, -99.00,-99.000, -99.00,-99.000, -99.00,-99.000, -99.00,-99.000, -99.00,-99.000, -99.00,-99.000, -99.00,
7/31/2016 20:38:46, 11.9,196.7,  6.5, -7.9,  0.000, 25.90,  0.0,  0.0,-99.000, -99.00,-99.000, -99.00,-99.000, -99.00,-99.000, -99.00,-99.000, -99.00,-99.000, -99.00,-99.000, -99.00,-99.000, -99.00,-99.000, -99.00,-99.000, -99.00,-99.000, -99.00,-99.000, -99.00,-99.000, -99.00,-99.000, -99.00,-99.000, -99.00,
7/31/2016 20:38:47, 11.9,200.2,  5.2, -7.5,  0.000, 25.90,  0.0,  0.0,-99.000, -99.00,-99.000, -99.00,-99.000, -99.00,-99.000, -99.00,-99.000, -99.00,-99.000, -99.00,-99.000, -99.00,-99.000, -99.00,-99.000, -99.00,-99.000, -99.00,-99.000, -99.00,-99.000, -99.00,-99.000, -99.00,-99.000, -99.00,-99.000, -99.00,
7/31/2016 20:38:48, 11.9,200.8,  5.5, -8.2,  0.000, 25.90,  0.0,  0.0,-99.000, -99.00,-99.000, -99.00,-99.000, -99.00,-99.000, -99.00,-99.000, -99.00,-99.000, -99.00,-99.000, -99.00,-99.000, -99.00,-99.000, -99.00,-99.000, -99.00,-99.000, -99.00,-99.000, -99.00,-99.000, -99.00,-99.000, -99.00,-99.000, -99.00,
7/31/2016 20:38:49, 11.9,202.9,  4.0, -6.7,  0.000, 25.90,  0.0,  0.0,-99.000, -99.00,-99.000, -99.00,-99.000, -99.00,-99.000, -99.00,-99.000, -99.00,-99.000, -99.00,-99.000, -99.00,-99.000, -99.00,-99.000, -99.00,-99.000, -99.00,-99.000, -99.00,-99.000, -99.00,-99.000, -99.00,-99.000, -99.00,-99.000, -99.00,
7/31/2016 20:38:50, 11.9,194.4, -3.5,  1.9,  0.000, 25.90,  0.0,  0.0,-99.000, -99.00,-99.000, -99.00,-99.000, -99.00,-99.000, -99.00,-99.000, -99.00,-99.000, -99.00,-99.000, -99.00,-99.000, -99.00,-99.000, -99.00,-99.000, -99.00,-99.000, -99.00,-99.000, -99.00,-99.000, -99.00,-99.000, -99.00,-99.000, -99.00,
7/31/2016 20:38:51, 11.9,195.7, -2.1,  1.8,  0.000, 25.90,  0.0,  0.0,-99.000, -99.00,-99.000, -99.00,-99.000, -99.00,-99.000, -99.00,-99.000, -99.00,-99.000, -99.00,-99.000, -99.00,-99.000, -99.00,-99.000, -99.00,-99.000, -99.00,-99.000, -99.00,-99.000, -99.00,-99.000, -99.00,-99.000, -99.00,-99.000, -99.00,
7/31/2016 20:38:52, 11.9,195.7, -1.3,  1.7,  0.000, 25.90,  0.0,  0.0,-99.000, -99.00,-99.000, -99.00,-99.000, -99.00,-99.000, -99.00,-99.000, -99.00,-99.000, -99.00,-99.000, -99.00,-99.000, -99.00,-99.000, -99.00,-99.000, -99.00,-99.000, -99.00,-99.000, -99.00,-99.000, -99.00,-99.000, -99.00,-99.000, -99.00,
7/31/2016 20:38:53, 11.9,195.9, -1.0,  2.6,  0.000, 25.90,  0.0,  0.0,-99.000, -99.00,-99.000, -99.00,-99.000, -99.00,-99.000, -99.00,-99.000, -99.00,-99.000, -99.00,-99.000, -99.00,-99.000, -99.00,-99.000, -99.00,-99.000, -99.00,-99.000, -99.00,-99.000, -99.00,-99.000, -99.00,-99.000, -99.00,-99.000, -99.00,
7/31/2016 20:38:54, 11.9,197.5, -0.6,  0.3,  0.000, 25.90,  0.0,  0.0,-99.000, -99.00,-99.000, -99.00,-99.000, -99.00,-99.000, -99.00,-99.000, -99.00,-99.000, -99.00,-99.000, -99.00,-99.000, -99.00,-99.000, -99.00,-99.000, -99.00,-99.000, -99.00,-99.000, -99.00,-99.000, -99.00,-99.000, -99.00,-99.000, -99.00,
7/31/2016 20:38:55, 11.9,189.5, -4.7, -6.9,  0.000, 25.90,  0.0,  0.0,-99.000, -99.00,-99.000, -99.00,-99.000, -99.00,-99.000, -99.00,-99.000, -99.00,-99.000, -99.00,-99.000, -99.00,-99.000, -99.00,-99.000, -99.00,-99.000, -99.00,-99.000, -99.00,-99.000, -99.00,-99.000, -99.00,-99.000, -99.00,-99.000, -99.00,
7/31/2016 20:38:56, 11.9,184.1, -0.2, -1.0,  0.000, 25.90,  0.0,  0.0,-99.000, -99.00,-99.000, -99.00,-99.000, -99.00,-99.000, -99.00,-99.000, -99.00,-99.000, -99.00,-99.000, -99.00,-99.000, -99.00,-99.000, -99.00,-99.000, -99.00,-99.000, -99.00,-99.000, -99.00,-99.000, -99.00,-99.000, -99.00,-99.000, -99.00,
7/31/2016 20:38:57, 11.9,191.4,  2.7, -2.5,  0.000, 25.90,  0.0,  0.0,-99.000, -99.00,-99.000, -99.00,-99.000, -99.00,-99.000, -99.00,-99.000, -99.00,-99.000, -99.00,-99.000, -99.00,-99.000, -99.00,-99.000, -99.00,-99.000, -99.00,-99.000, -99.00,-99.000, -99.00,-99.000, -99.00,-99.000, -99.00,-99.000, -99.00,
7/31/2016 20:38:58, 11.9,191.3,  2.4, -2.7,  0.000, 25.90,  0.0,  0.0,-99.000, -99.00,-99.000, -99.00,-99.000, -99.00,-99.000, -99.00,-99.000, -99.00,-99.000, -99.00,-99.000, -99.00,-99.000, -99.00,-99.000, -99.00,-99.000, -99.00,-99.000, -99.00,-99.000, -99.00,-99.000, -99.00,-99.000, -99.00,-99.000, -99.00,
7/31/2016 20:38:59, 11.9,190.1,  3.6, -2.1,  0.000, 25.90,  0.0,  0.0,-99.000, -99.00,-99.000, -99.00,-99.000, -99.00,-99.000, -99.00,-99.000, -99.00,-99.000, -99.00,-99.000, -99.00,-99.000, -99.00,-99.000, -99.00,-99.000, -99.00,-99.000, -99.00,-99.000, -99.00,-99.000, -99.00,-99.000, -99.00,-99.000, -99.00,
7/31/2016 20:39:00, 11.9,189.7,  3.2, -0.2,  0.000, 25.90,  0.0,  0.0,-99.000, -99.00,-99.000, -99.00,-99.000, -99.00,-99.000, -99.00,-99.000, -99.00,-99.000, -99.00,-99.000, -99.00,-99.000, -99.00,-99.000, -99.00,-99.000, -99.00,-99.000, -99.00,-99.000, -99.00,-99.000, -99.00,-99.000, -99.00,-99.000, -99.00,
7/31/2016 20:39:01, 11.9,188.5,  3.9, -0.9,  0.000, 25.90,  0.0,  0.0,-99.000, -99.00,-99.000, -99.00,-99.000, -99.00,-99.000, -99.00,-99.000, -99.00,-99.000, -99.00,-99.000, -99.00,-99.000, -99.00,-99.000, -99.00,-99.000, -99.00,-99.000, -99.00,-99.000, -99.00,-99.000, -99.00,-99.000, -99.00,-99.000, -99.00,
7/31/2016 20:39:02, 11.9,189.9,  3.7, -1.2,  0.000, 25.90,  0.0,  0.0,-99.000, -99.00,-99.000, -99.00,-99.000, -99.00,-99.000, -99.00,-99.000, -99.00,-99.000, -99.00,-99.000, -99.00,-99.000, -99.00,-99.000, -99.00,-99.000, -99.00,-99.000, -99.00,-99.000, -99.00,-99.000, -99.00,-99.000, -99.00,-99.000, -99.00,
7/31/2016 20:39:03, 11.9,187.9,  3.8, -1.5,  0.000, 25.90,  0.0,  0.0,-99.000, -99.00,-99.000, -99.00,-99.000, -99.00,-99.000, -99.00,-99.000, -99.00,-99.000, -99.00,-99.000, -99.00,-99.000, -99.00,-99.000, -99.00,-99.000, -99.00,-99.000, -99.00,-99.000, -99.00,-99.000, -99.00,-99.000, -99.00,-99.000, -99.00,
7/31/2016 20:39:04, 11.9,187.3,  2.7, -1.9,  0.000, 25.90,  0.0,  0.0,-99.000, -99.00,-99.000, -99.00,-99.000, -99.00,-99.000, -99.00,-99.000, -99.00,-99.000, -99.00,-99.000, -99.00,-99.000, -99.00,-99.000, -99.00,-99.000, -99.00,-99.000, -99.00,-99.000, -99.00,-99.000, -99.00,-99.000, -99.00,-99.000, -99.00,
7/31/2016 20:39:05, 11.9,189.2,  1.3, -1.7,  0.000, 25.90,  0.0,  0.0,-99.000, -99.00,-99.000, -99.00,-99.000, -99.00,-99.000, -99.00,-99.000, -99.00,-99.000, -99.00,-99.000, -99.00,-99.000, -99.00,-99.000, -99.00,-99.000, -99.00,-99.000, -99.00,-99.000, -99.00,-99.000, -99.00,-99.000, -99.00,-99.000, -99.00,
7/31/2016 20:39:06, 11.9,186.2,  1.4,  0.4,  0.000, 25.90,  0.0,  0.0,-99.000, -99.00,-99.000, -99.00,-99.000, -99.00,-99.000, -99.00,-99.000, -99.00,-99.000, -99.00,-99.000, -99.00,-99.000, -99.00,-99.000, -99.00,-99.000, -99.00,-99.000, -99.00,-99.000, -99.00,-99.000, -99.00,-99.000, -99.00,-99.000, -99.00,
7/31/2016 20:39:07, 11.9,186.6,  1.7, -0.1,  0.000, 25.90,  0.0,  0.0,-99.000, -99.00,-99.000, -99.00,-99.000, -99.00,-99.000, -99.00,-99.000, -99.00,-99.000, -99.00,-99.000, -99.00,-99.000, -99.00,-99.000, -99.00,-99.000, -99.00,-99.000, -99.00,-99.000, -99.00,-99.000, -99.00,-99.000, -99.00,-99.000, -99.00,
7/31/2016 20:39:08, 11.9,186.3,  1.6, -0.2,  0.000, 25.90,  0.0,  0.0,-99.000, -99.00,-99.000, -99.00,-99.000, -99.00,-99.000, -99.00,-99.000, -99.00,-99.000, -99.00,-99.000, -99.00,-99.000, -99.00,-99.000, -99.00,-99.000, -99.00,-99.000, -99.00,-99.000, -99.00,-99.000, -99.00,-99.000, -99.00,-99.000, -99.00,
7/31/2016 20:39:09, 11.9,186.3,  1.6, -0.4,  0.000, 25.90,  0.0,  0.0,-99.000, -99.00,-99.000, -99.00,-99.000, -99.00,-99.000, -99.00,-99.000, -99.00,-99.000, -99.00,-99.000, -99.00,-99.000, -99.00,-99.000, -99.00,-99.000, -99.00,-99.000, -99.00,-99.000, -99.00,-99.000, -99.00,-99.000, -99.00,-99.000, -99.00,
7/31/2016 20:39:10, 11.9,186.5,  1.3, -0.7,  0.000, 25.90,  0.0,  0.0,-99.000, -99.00,-99.000, -99.00,-99.000, -99.00,-99.000, -99.00,-99.000, -99.00,-99.000, -99.00,-99.000, -99.00,-99.000, -99.00,-99.000, -99.00,-99.000, -99.00,-99.000, -99.00,-99.000, -99.00,-99.000, -99.00,-99.000, -99.00,-99.000, -99.00,
7/31/2016 20:39:11, 11.9,186.6,  1.2, -0.6,  0.000, 25.90,  0.0,  0.0,-99.000, -99.00,-99.000, -99.00,-99.000, -99.00,-99.000, -99.00,-99.000, -99.00,-99.000, -99.00,-99.000, -99.00,-99.000, -99.00,-99.000, -99.00,-99.000, -99.00,-99.000, -99.00,-99.000, -99.00,-99.000, -99.00,-99.000, -99.00,-99.000, -99.00,
7/31/2016 20:39:12, 11.9,186.0,  1.4, -0.9,  0.000, 25.90,  0.0,  0.0,-99.000, -99.00,-99.000, -99.00,-99.000, -99.00,-99.000, -99.00,-99.000, -99.00,-99.000, -99.00,-99.000, -99.00,-99.000, -99.00,-99.000, -99.00,-99.000, -99.00,-99.000, -99.00,-99.000, -99.00,-99.000, -99.00,-99.000, -99.00,-99.000, -99.00,
7/31/2016 20:39:13, 11.9,241.7,  4.4, -4.6,  0.000, 25.90,  0.0,  0.0,-99.000, -99.00,-99.000, -99.00,-99.000, -99.00,-99.000, -99.00,-99.000, -99.00,-99.000, -99.00,-99.000, -99.00,-99.000, -99.00,-99.000, -99.00,-99.000, -99.00,-99.000, -99.00,-99.000, -99.00,-99.000, -99.00,-99.000, -99.00,-99.000, -99.00,
7/31/2016 20:39:14, 11.9,243.1,  0.7,  0.1,  0.000, 25.90,  0.0,  0.0,-99.000, -99.00,-99.000, -99.00,-99.000, -99.00,-99.000, -99.00,-99.000, -99.00,-99.000, -99.00,-99.000, -99.00,-99.000, -99.00,-99.000, -99.00,-99.000, -99.00,-99.000, -99.00,-99.000, -99.00,-99.000, -99.00,-99.000, -99.00,-99.000, -99.00,
7/31/2016 20:39:15, 11.9,247.1, -2.4, -2.2,  0.000, 25.90,  0.0,  0.0,-99.000, -99.00,-99.000, -99.00,-99.000, -99.00,-99.000, -99.00,-99.000, -99.00,-99.000, -99.00,-99.000, -99.00,-99.000, -99.00,-99.000, -99.00,-99.000, -99.00,-99.000, -99.00,-99.000, -99.00,-99.000, -99.00,-99.000, -99.00,-99.000, -99.00,
7/31/2016 20:39:16, 11.9,247.2, -5.0, -4.5,  0.000, 25.90,  0.0,  0.0,-99.000, -99.00,-99.000, -99.00,-99.000, -99.00,-99.000, -99.00,-99.000, -99.00,-99.000, -99.00,-99.000, -99.00,-99.000, -99.00,-99.000, -99.00,-99.000, -99.00,-99.000, -99.00,-99.000, -99.00,-99.000, -99.00,-99.000, -99.00,-99.000, -99.00,
7/31/2016 20:39:17, 11.9,241.6, -3.1,  1.2,  0.000, 25.90,  0.0,  0.0,-99.000, -99.00,-99.000, -99.00,-99.000, -99.00,-99.000, -99.00,-99.000, -99.00,-99.000, -99.00,-99.000, -99.00,-99.000, -99.00,-99.000, -99.00,-99.000, -99.00,-99.000, -99.00,-99.000, -99.00,-99.000, -99.00,-99.000, -99.00,-99.000, -99.00,
7/31/2016 20:39:18, 11.9,240.8, -2.7,  2.7,  0.000, 25.90,  0.0,  0.0,-99.000, -99.00,-99.000, -99.00,-99.000, -99.00,-99.000, -99.00,-99.000, -99.00,-99.000, -99.00,-99.000, -99.00,-99.000, -99.00,-99.000, -99.00,-99.000, -99.00,-99.000, -99.00,-99.000, -99.00,-99.000, -99.00,-99.000, -99.00,-99.000, -99.00,
7/31/2016 20:39:19, 11.9,241.4, -3.1,  1.4,  0.000, 25.90,  0.0,  0.0,-99.000, -99.00,-99.000, -99.00,-99.000, -99.00,-99.000, -99.00,-99.000, -99.00,-99.000, -99.00,-99.000, -99.00,-99.000, -99.00,-99.000, -99.00,-99.000, -99.00,-99.000, -99.00,-99.000, -99.00,-99.000, -99.00,-99.000, -99.00,-99.000, -99.00,
7/31/2016 20:39:20, 11.9,244.2, -3.3,  0.3,  0.000, 25.90,  0.0,  0.0,-99.000, -99.00,-99.000, -99.00,-99.000, -99.00,-99.000, -99.00,-99.000, -99.00,-99.000, -99.00,-99.000, -99.00,-99.000, -99.00,-99.000, -99.00,-99.000, -99.00,-99.000, -99.00,-99.000, -99.00,-99.000, -99.00,-99.000, -99.00,-99.000, -99.00,
7/31/2016 20:39:21, 11.9,245.1, -4.3, -0.6,  0.000, 25.90,  0.0,  0.0,-99.000, -99.00,-99.000, -99.00,-99.000, -99.00,-99.000, -99.00,-99.000, -99.00,-99.000, -99.00,-99.000, -99.00,-99.000, -99.00,-99.000, -99.00,-99.000, -99.00,-99.000, -99.00,-99.000, -99.00,-99.000, -99.00,-99.000, -99.00,-99.000, -99.00,
7/31/2016 20:39:22, 11.9,244.0, -4.4, -2.8,  0.000, 25.90,  0.0,  0.0,-99.000, -99.00,-99.000, -99.00,-99.000, -99.00,-99.000, -99.00,-99.000, -99.00,-99.000, -99.00,-99.000, -99.00,-99.000, -99.00,-99.000, -99.00,-99.000, -99.00,-99.000, -99.00,-99.000, -99.00,-99.000, -99.00,-99.000, -99.00,-99.000, -99.00,
7/31/2016 20:39:23, 11.9,244.8, -4.5, -3.4,  0.000, 25.90,  0.0,  0.0,-99.000, -99.00,-99.000, -99.00,-99.000, -99.00,-99.000, -99.00,-99.000, -99.00,-99.000, -99.00,-99.000, -99.00,-99.000, -99.00,-99.000, -99.00,-99.000, -99.00,-99.000, -99.00,-99.000, -99.00,-99.000, -99.00,-99.000, -99.00,-99.000, -99.00,
7/31/2016 20:39:24, 11.9,245.1, -4.1, -3.8,  0.000, 25.90,  0.0,  0.0,-99.000, -99.00,-99.000, -99.00,-99.000, -99.00,-99.000, -99.00,-99.000, -99.00,-99.000, -99.00,-99.000, -99.00,-99.000, -99.00,-99.000, -99.00,-99.000, -99.00,-99.000, -99.00,-99.000, -99.00,-99.000, -99.00,-99.000, -99.00,-99.000, -99.00,
7/31/2016 20:39:25, 11.9,245.4, -3.8, -3.1,  0.000, 25.90,  0.0,  0.0,-99.000, -99.00,-99.000, -99.00,-99.000, -99.00,-99.000, -99.00,-99.000, -99.00,-99.000, -99.00,-99.000, -99.00,-99.000, -99.00,-99.000, -99.00,-99.000, -99.00,-99.000, -99.00,-99.000, -99.00,-99.000, -99.00,-99.000, -99.00,-99.000, -99.00,
7/31/2016 20:39:26, 11.9,246.3, -3.3, -3.2,  0.000, 25.91,  0.0,  0.0,-99.000, -99.00,-99.000, -99.00,-99.000, -99.00,-99.000, -99.00,-99.000, -99.00,-99.000, -99.00,-99.000, -99.00,-99.000, -99.00,-99.000, -99.00,-99.000, -99.00,-99.000, -99.00,-99.000, -99.00,-99.000, -99.00,-99.000, -99.00,-99.000, -99.00,
7/31/2016 20:39:27, 11.9,246.9, -3.6, -0.8,  0.000, 25.91,  0.0,  0.0,-99.000, -99.00,-99.000, -99.00,-99.000, -99.00,-99.000, -99.00,-99.000, -99.00,-99.000, -99.00,-99.000, -99.00,-99.000, -99.00,-99.000, -99.00,-99.000, -99.00,-99.000, -99.00,-99.000, -99.00,-99.000, -99.00,-99.000, -99.00,-99.000, -99.00,
7/31/2016 20:39:28, 11.9,247.0, -3.5, -2.2,  0.000, 25.91,  0.0,  0.0,-99.000, -99.00,-99.000, -99.00,-99.000, -99.00,-99.000, -99.00,-99.000, -99.00,-99.000, -99.00,-99.000, -99.00,-99.000, -99.00,-99.000, -99.00,-99.000, -99.00,-99.000, -99.00,-99.000, -99.00,-99.000, -99.00,-99.000, -99.00,-99.000, -99.00,
7/31/2016 20:39:29, 11.9,325.7,  1.0,  0.8,  0.000, 25.91,  0.0,  0.0,-99.000, -99.00,-99.000, -99.00,-99.000, -99.00,-99.000, -99.00,-99.000, -99.00,-99.000, -99.00,-99.000, -99.00,-99.000, -99.00,-99.000, -99.00,-99.000, -99.00,-99.000, -99.00,-99.000, -99.00,-99.000, -99.00,-99.000, -99.00,-99.000, -99.00,
7/31/2016 20:39:30, 11.9,340.4, -0.2, -5.1,  0.000, 25.91,  0.0,  0.0,-99.000, -99.00,-99.000, -99.00,-99.000, -99.00,-99.000, -99.00,-99.000, -99.00,-99.000, -99.00,-99.000, -99.00,-99.000, -99.00,-99.000, -99.00,-99.000, -99.00,-99.000, -99.00,-99.000, -99.00,-99.000, -99.00,-99.000, -99.00,-99.000, -99.00,
7/31/2016 20:39:31, 11.9,335.5, -0.4, -6.2,  0.000, 25.91,  0.0,  0.0,-99.000, -99.00,-99.000, -99.00,-99.000, -99.00,-99.000, -99.00,-99.000, -99.00,-99.000, -99.00,-99.000, -99.00,-99.000, -99.00,-99.000, -99.00,-99.000, -99.00,-99.000, -99.00,-99.000, -99.00,-99.000, -99.00,-99.000, -99.00,-99.000, -99.00,
7/31/2016 20:39:32, 11.9,332.8, -0.3, -8.2,  0.000, 25.91,  0.0,  0.0,-99.000, -99.00,-99.000, -99.00,-99.000, -99.00,-99.000, -99.00,-99.000, -99.00,-99.000, -99.00,-99.000, -99.00,-99.000, -99.00,-99.000, -99.00,-99.000, -99.00,-99.000, -99.00,-99.000, -99.00,-99.000, -99.00,-99.000, -99.00,-99.000, -99.00,
7/31/2016 20:39:33, 11.9,331.6,  0.0, -8.9,  0.000, 25.91,  0.0,  0.0,-99.000, -99.00,-99.000, -99.00,-99.000, -99.00,-99.000, -99.00,-99.000, -99.00,-99.000, -99.00,-99.000, -99.00,-99.000, -99.00,-99.000, -99.00,-99.000, -99.00,-99.000, -99.00,-99.000, -99.00,-99.000, -99.00,-99.000, -99.00,-99.000, -99.00,
7/31/2016 20:39:34, 11.9,328.7,  2.2, -7.5,  0.000, 25.91,  0.0,  0.0,-99.000, -99.00,-99.000, -99.00,-99.000, -99.00,-99.000, -99.00,-99.000, -99.00,-99.000, -99.00,-99.000, -99.00,-99.000, -99.00,-99.000, -99.00,-99.000, -99.00,-99.000, -99.00,-99.000, -99.00,-99.000, -99.00,-99.000, -99.00,-99.000, -99.00,
7/31/2016 20:39:35, 11.9,345.6,  2.1, -3.9,  0.000, 25.91,  0.0,  0.0,-99.000, -99.00,-99.000, -99.00,-99.000, -99.00,-99.000, -99.00,-99.000, -99.00,-99.000, -99.00,-99.000, -99.00,-99.000, -99.00,-99.000, -99.00,-99.000, -99.00,-99.000, -99.00,-99.000, -99.00,-99.000, -99.00,-99.000, -99.00,-99.000, -99.00,
7/31/2016 20:39:36, 11.9,351.9,  1.3, -5.4,  0.000, 25.91,  0.0,  0.0,-99.000, -99.00,-99.000, -99.00,-99.000, -99.00,-99.000, -99.00,-99.000, -99.00,-99.000, -99.00,-99.000, -99.00,-99.000, -99.00,-99.000, -99.00,-99.000, -99.00,-99.000, -99.00,-99.000, -99.00,-99.000, -99.00,-99.000, -99.00,-99.000, -99.00,
7/31/2016 20:39:37, 11.9,  0.2,  1.7, -0.9,  0.000, 25.91,  0.0,  0.0,-99.000, -99.00,-99.000, -99.00,-99.000, -99.00,-99.000, -99.00,-99.000, -99.00,-99.000, -99.00,-99.000, -99.00,-99.000, -99.00,-99.000, -99.00,-99.000, -99.00,-99.000, -99.00,-99.000, -99.00,-99.000, -99.00,-99.000, -99.00,-99.000, -99.00,
7/31/2016 20:39:38, 11.9,359.3,  2.2, -0.6,  0.000, 25.91,  0.0,  0.0,-99.000, -99.00,-99.000, -99.00,-99.000, -99.00,-99.000, -99.00,-99.000, -99.00,-99.000, -99.00,-99.000, -99.00,-99.000, -99.00,-99.000, -99.00,-99.000, -99.00,-99.000, -99.00,-99.000, -99.00,-99.000, -99.00,-99.000, -99.00,-99.000, -99.00,
7/31/2016 20:39:39, 11.9,358.9,  3.7, -0.8,  0.000, 25.91,  0.0,  0.0,-99.000, -99.00,-99.000, -99.00,-99.000, -99.00,-99.000, -99.00,-99.000, -99.00,-99.000, -99.00,-99.000, -99.00,-99.000, -99.00,-99.000, -99.00,-99.000, -99.00,-99.000, -99.00,-99.000, -99.00,-99.000, -99.00,-99.000, -99.00,-99.000, -99.00,
7/31/2016 20:39:40, 11.9,359.3,  4.2, -0.3,  0.000, 25.91,  0.0,  0.0,-99.000, -99.00,-99.000, -99.00,-99.000, -99.00,-99.000, -99.00,-99.000, -99.00,-99.000, -99.00,-99.000, -99.00,-99.000, -99.00,-99.000, -99.00,-99.000, -99.00,-99.000, -99.00,-99.000, -99.00,-99.000, -99.00,-99.000, -99.00,-99.000, -99.00,
7/31/2016 20:39:41, 11.9,358.0,  2.0,  0.0,  0.000, 25.91,  0.0,  0.0,-99.000, -99.00,-99.000, -99.00,-99.000, -99.00,-99.000, -99.00,-99.000, -99.00,-99.000, -99.00,-99.000, -99.00,-99.000, -99.00,-99.000, -99.00,-99.000, -99.00,-99.000, -99.00,-99.000, -99.00,-99.000, -99.00,-99.000, -99.00,-99.000, -99.00,
7/31/2016 20:39:42, 11.9,354.4,  0.6, -1.9,  0.000, 25.91,  0.0,  0.0,-99.000, -99.00,-99.000, -99.00,-99.000, -99.00,-99.000, -99.00,-99.000, -99.00,-99.000, -99.00,-99.000, -99.00,-99.000, -99.00,-99.000, -99.00,-99.000, -99.00,-99.000, -99.00,-99.000, -99.00,-99.000, -99.00,-99.000, -99.00,-99.000, -99.00,
7/31/2016 20:39:43, 11.9,353.6, -0.1, -2.3,  0.000, 25.91,  0.0,  0.0,-99.000, -99.00,-99.000, -99.00,-99.000, -99.00,-99.000, -99.00,-99.000, -99.00,-99.000, -99.00,-99.000, -99.00,-99.000, -99.00,-99.000, -99.00,-99.000, -99.00,-99.000, -99.00,-99.000, -99.00,-99.000, -99.00,-99.000, -99.00,-99.000, -99.00,
7/31/2016 20:39:44, 11.9,353.0, -0.8, -1.4,  0.000, 25.91,  0.0,  0.0,-99.000, -99.00,-99.000, -99.00,-99.000, -99.00,-99.000, -99.00,-99.000, -99.00,-99.000, -99.00,-99.000, -99.00,-99.000, -99.00,-99.000, -99.00,-99.000, -99.00,-99.000, -99.00,-99.000, -99.00,-99.000, -99.00,-99.000, -99.00,-99.000, -99.00,
7/31/2016 20:39:45, 11.9,352.0,  0.1, -0.6,  0.000, 25.91,  0.0,  0.0,-99.000, -99.00,-99.000, -99.00,-99.000, -99.00,-99.000, -99.00,-99.000, -99.00,-99.000, -99.00,-99.000, -99.00,-99.000, -99.00,-99.000, -99.00,-99.000, -99.00,-99.000, -99.00,-99.000, -99.00,-99.000, -99.00,-99.000, -99.00,-99.000, -99.00,
7/31/2016 20:39:46, 11.9,351.6, -0.5, -1.6,  0.000, 25.91,  0.0,  0.0,-99.000, -99.00,-99.000, -99.00,-99.000, -99.00,-99.000, -99.00,-99.000, -99.00,-99.000, -99.00,-99.000, -99.00,-99.000, -99.00,-99.000, -99.00,-99.000, -99.00,-99.000, -99.00,-99.000, -99.00,-99.000, -99.00,-99.000, -99.00,-99.000, -99.00,
7/31/2016 20:39:47, 11.9,352.3,  1.1, -1.6,  0.000, 25.91,  0.0,  0.0,-99.000, -99.00,-99.000, -99.00,-99.000, -99.00,-99.000, -99.00,-99.000, -99.00,-99.000, -99.00,-99.000, -99.00,-99.000, -99.00,-99.000, -99.00,-99.000, -99.00,-99.000, -99.00,-99.000, -99.00,-99.000, -99.00,-99.000, -99.00,-99.000, -99.00,
7/31/2016 20:39:48, 11.9,355.6,  3.2, -0.6,  0.000, 25.91,  0.0,  0.0,-99.000, -99.00,-99.000, -99.00,-99.000, -99.00,-99.000, -99.00,-99.000, -99.00,-99.000, -99.00,-99.000, -99.00,-99.000, -99.00,-99.000, -99.00,-99.000, -99.00,-99.000, -99.00,-99.000, -99.00,-99.000, -99.00,-99.000, -99.00,-99.000, -99.00,
7/31/2016 20:39:49, 11.9,353.6,  1.9,  0.0,  0.000, 25.91,  0.0,  0.0,-99.000, -99.00,-99.000, -99.00,-99.000, -99.00,-99.000, -99.00,-99.000, -99.00,-99.000, -99.00,-99.000, -99.00,-99.000, -99.00,-99.000, -99.00,-99.000, -99.00,-99.000, -99.00,-99.000, -99.00,-99.000, -99.00,-99.000, -99.00,-99.000, -99.00,
7/31/2016 20:39:50, 11.9,341.6,  3.9, -6.1,  0.000, 25.92,  0.0,  0.0,-99.000, -99.00,-99.000, -99.00,-99.000, -99.00,-99.000, -99.00,-99.000, -99.00,-99.000, -99.00,-99.000, -99.00,-99.000, -99.00,-99.000, -99.00,-99.000, -99.00,-99.000, -99.00,-99.000, -99.00,-99.000, -99.00,-99.000, -99.00,-99.000, -99.00,
7/31/2016 20:39:51, 11.9, 11.7, -0.5,  2.0,  0.000, 25.91,  0.0,  0.0,-99.000, -99.00,-99.000, -99.00,-99.000, -99.00,-99.000, -99.00,-99.000, -99.00,-99.000, -99.00,-99.000, -99.00,-99.000, -99.00,-99.000, -99.00,-99.000, -99.00,-99.000, -99.00,-99.000, -99.00,-99.000, -99.00,-99.000, -99.00,-99.000, -99.00,
7/31/2016 20:39:52, 11.9,  7.6,  3.1, -1.6,  0.000, 25.92,  0.0,  0.0,-99.000, -99.00,-99.000, -99.00,-99.000, -99.00,-99.000, -99.00,-99.000, -99.00,-99.000, -99.00,-99.000, -99.00,-99.000, -99.00,-99.000, -99.00,-99.000, -99.00,-99.000, -99.00,-99.000, -99.00,-99.000, -99.00,-99.000, -99.00,-99.000, -99.00,
7/31/2016 20:39:53, 11.9,  6.9,  4.1, -3.4,  0.000, 25.92,  0.0,  0.0,-99.000, -99.00,-99.000, -99.00,-99.000, -99.00,-99.000, -99.00,-99.000, -99.00,-99.000, -99.00,-99.000, -99.00,-99.000, -99.00,-99.000, -99.00,-99.000, -99.00,-99.000, -99.00,-99.000, -99.00,-99.000, -99.00,-99.000, -99.00,-99.000, -99.00,
7/31/2016 20:39:54, 11.9, 10.8,  4.5, -3.8,  0.000, 25.92,  0.0,  0.0,-99.000, -99.00,-99.000, -99.00,-99.000, -99.00,-99.000, -99.00,-99.000, -99.00,-99.000, -99.00,-99.000, -99.00,-99.000, -99.00,-99.000, -99.00,-99.000, -99.00,-99.000, -99.00,-99.000, -99.00,-99.000, -99.00,-99.000, -99.00,-99.000, -99.00,
7/31/2016 20:39:55, 11.9, 29.6, -6.1,  8.7,  0.000, 25.92,  0.0,  0.0,-99.000, -99.00,-99.000, -99.00,-99.000, -99.00,-99.000, -99.00,-99.000, -99.00,-99.000, -99.00,-99.000, -99.00,-99.000, -99.00,-99.000, -99.00,-99.000, -99.00,-99.000, -99.00,-99.000, -99.00,-99.000, -99.00,-99.000, -99.00,-99.000, -99.00,
7/31/2016 20:39:56, 11.9,128.3,  4.1, -3.3,  0.000, 25.92,  0.0,  0.0,-99.000, -99.00,-99.000, -99.00,-99.000, -99.00,-99.000, -99.00,-99.000, -99.00,-99.000, -99.00,-99.000, -99.00,-99.000, -99.00,-99.000, -99.00,-99.000, -99.00,-99.000, -99.00,-99.000, -99.00,-99.000, -99.00,-99.000, -99.00,-99.000, -99.00,
7/31/2016 20:39:57, 11.9,126.4,  3.7,  0.0,  0.000, 25.92,  0.0,  0.0,-99.000, -99.00,-99.000, -99.00,-99.000, -99.00,-99.000, -99.00,-99.000, -99.00,-99.000, -99.00,-99.000, -99.00,-99.000, -99.00,-99.000, -99.00,-99.000, -99.00,-99.000, -99.00,-99.000, -99.00,-99.000, -99.00,-99.000, -99.00,-99.000, -99.00,
7/31/2016 20:39:58, 11.9,127.9,  4.3,  0.3,  0.000, 25.92,  0.0,  0.0,-99.000, -99.00,-99.000, -99.00,-99.000, -99.00,-99.000, -99.00,-99.000, -99.00,-99.000, -99.00,-99.000, -99.00,-99.000, -99.00,-99.000, -99.00,-99.000, -99.00,-99.000, -99.00,-99.000, -99.00,-99.000, -99.00,-99.000, -99.00,-99.000, -99.00,
7/31/2016 20:39:59, 11.9,127.2,  3.5,  0.1,  0.000, 25.92,  0.0,  0.0,-99.000, -99.00,-99.000, -99.00,-99.000, -99.00,-99.000, -99.00,-99.000, -99.00,-99.000, -99.00,-99.000, -99.00,-99.000, -99.00,-99.000, -99.00,-99.000, -99.00,-99.000, -99.00,-99.000, -99.00,-99.000, -99.00,-99.000, -99.00,-99.000, -99.00,
7/31/2016 20:40:00, 11.9,127.6,  3.4,  0.1,  0.000, 25.92,  0.0,  0.0,-99.000, -99.00,-99.000, -99.00,-99.000, -99.00,-99.000, -99.00,-99.000, -99.00,-99.000, -99.00,-99.000, -99.00,-99.000, -99.00,-99.000, -99.00,-99.000, -99.00,-99.000, -99.00,-99.000, -99.00,-99.000, -99.00,-99.000, -99.00,-99.000, -99.00,
7/31/2016 20:40:01, 11.9,127.3,  3.1,  0.6,  0.000, 25.92,  0.0,  0.0,-99.000, -99.00,-99.000, -99.00,-99.000, -99.00,-99.000, -99.00,-99.000, -99.00,-99.000, -99.00,-99.000, -99.00,-99.000, -99.00,-99.000, -99.00,-99.000, -99.00,-99.000, -99.00,-99.000, -99.00,-99.000, -99.00,-99.000, -99.00,-99.000, -99.00,
7/31/2016 20:40:02, 11.9,127.6,  3.1,  0.4,  0.000, 25.92,  0.0,  0.0,-99.000, -99.00,-99.000, -99.00,-99.000, -99.00,-99.000, -99.00,-99.000, -99.00,-99.000, -99.00,-99.000, -99.00,-99.000, -99.00,-99.000, -99.00,-99.000, -99.00,-99.000, -99.00,-99.000, -99.00,-99.000, -99.00,-99.000, -99.00,-99.000, -99.00,
7/31/2016 20:40:03, 11.9,127.8,  3.0,  0.1,  0.000, 25.92,  0.0,  0.0,-99.000, -99.00,-99.000, -99.00,-99.000, -99.00,-99.000, -99.00,-99.000, -99.00,-99.000, -99.00,-99.000, -99.00,-99.000, -99.00,-99.000, -99.00,-99.000, -99.00,-99.000, -99.00,-99.000, -99.00,-99.000, -99.00,-99.000, -99.00,-99.000, -99.00,
7/31/2016 20:40:04, 11.9,128.6,  3.0, -0.1,  0.000, 25.92,  0.0,  0.0,-99.000, -99.00,-99.000, -99.00,-99.000, -99.00,-99.000, -99.00,-99.000, -99.00,-99.000, -99.00,-99.000, -99.00,-99.000, -99.00,-99.000, -99.00,-99.000, -99.00,-99.000, -99.00,-99.000, -99.00,-99.000, -99.00,-99.000, -99.00,-99.000, -99.00,
7/31/2016 20:40:05, 11.9,128.0,  2.9, -0.1,  0.000, 25.92,  0.0,  0.0,-99.000, -99.00,-99.000, -99.00,-99.000, -99.00,-99.000, -99.00,-99.000, -99.00,-99.000, -99.00,-99.000, -99.00,-99.000, -99.00,-99.000, -99.00,-99.000, -99.00,-99.000, -99.00,-99.000, -99.00,-99.000, -99.00,-99.000, -99.00,-99.000, -99.00,
7/31/2016 20:40:06, 11.9,128.1,  2.9, -0.2,  0.000, 25.92,  0.0,  0.0,-99.000, -99.00,-99.000, -99.00,-99.000, -99.00,-99.000, -99.00,-99.000, -99.00,-99.000, -99.00,-99.000, -99.00,-99.000, -99.00,-99.000, -99.00,-99.000, -99.00,-99.000, -99.00,-99.000, -99.00,-99.000, -99.00,-99.000, -99.00,-99.000, -99.00,
7/31/2016 20:40:07, 11.9,128.5,  3.2, -0.1,  0.000, 25.92,  0.0,  0.0,-99.000, -99.00,-99.000, -99.00,-99.000, -99.00,-99.000, -99.00,-99.000, -99.00,-99.000, -99.00,-99.000, -99.00,-99.000, -99.00,-99.000, -99.00,-99.000, -99.00,-99.000, -99.00,-99.000, -99.00,-99.000, -99.00,-99.000, -99.00,-99.000, -99.00,
7/31/2016 20:40:08, 11.9,128.3,  3.3, -0.5,  0.000, 25.92,  0.0,  0.0,-99.000, -99.00,-99.000, -99.00,-99.000, -99.00,-99.000, -99.00,-99.000, -99.00,-99.000, -99.00,-99.000, -99.00,-99.000, -99.00,-99.000, -99.00,-99.000, -99.00,-99.000, -99.00,-99.000, -99.00,-99.000, -99.00,-99.000, -99.00,-99.000, -99.00,
7/31/2016 20:40:09, 11.9,170.7, -3.6, -7.9,  0.000, 25.92,  0.0,  0.0,-99.000, -99.00,-99.000, -99.00,-99.000, -99.00,-99.000, -99.00,-99.000, -99.00,-99.000, -99.00,-99.000, -99.00,-99.000, -99.00,-99.000, -99.00,-99.000, -99.00,-99.000, -99.00,-99.000, -99.00,-99.000, -99.00,-99.000, -99.00,-99.000, -99.00,
7/31/2016 20:40:10, 11.9,187.6,  1.9, -2.1,  0.000, 25.92,  0.0,  0.0,-99.000, -99.00,-99.000, -99.00,-99.000, -99.00,-99.000, -99.00,-99.000, -99.00,-99.000, -99.00,-99.000, -99.00,-99.000, -99.00,-99.000, -99.00,-99.000, -99.00,-99.000, -99.00,-99.000, -99.00,-99.000, -99.00,-99.000, -99.00,-99.000, -99.00,
7/31/2016 20:40:11, 11.9,184.3, -0.8, -0.1,  0.000, 25.92,  0.0,  0.0,-99.000, -99.00,-99.000, -99.00,-99.000, -99.00,-99.000, -99.00,-99.000, -99.00,-99.000, -99.00,-99.000, -99.00,-99.000, -99.00,-99.000, -99.00,-99.000, -99.00,-99.000, -99.00,-99.000, -99.00,-99.000, -99.00,-99.000, -99.00,-99.000, -99.00,
7/31/2016 20:40:12, 11.9,208.8,  0.0,  0.7,  0.000, 25.93,  0.0,  0.0,-99.000, -99.00,-99.000, -99.00,-99.000, -99.00,-99.000, -99.00,-99.000, -99.00,-99.000, -99.00,-99.000, -99.00,-99.000, -99.00,-99.000, -99.00,-99.000, -99.00,-99.000, -99.00,-99.000, -99.00,-99.000, -99.00,-99.000, -99.00,-99.000, -99.00,
7/31/2016 20:40:13, 11.9,208.6, -0.1,  0.7,  0.000, 25.93,  0.0,  0.0,-99.000, -99.00,-99.000, -99.00,-99.000, -99.00,-99.000, -99.00,-99.000, -99.00,-99.000, -99.00,-99.000, -99.00,-99.000, -99.00,-99.000, -99.00,-99.000, -99.00,-99.000, -99.00,-99.000, -99.00,-99.000, -99.00,-99.000, -99.00,-99.000, -99.00,
7/31/2016 20:40:14, 11.9,207.7,  0.4,  1.0,  0.000, 25.93,  0.0,  0.0,-99.000, -99.00,-99.000, -99.00,-99.000, -99.00,-99.000, -99.00,-99.000, -99.00,-99.000, -99.00,-99.000, -99.00,-99.000, -99.00,-99.000, -99.00,-99.000, -99.00,-99.000, -99.00,-99.000, -99.00,-99.000, -99.00,-99.000, -99.00,-99.000, -99.00,
7/31/2016 20:40:15, 11.9,208.0,  1.1,  1.2,  0.000, 25.93,  0.0,  0.0,-99.000, -99.00,-99.000, -99.00,-99.000, -99.00,-99.000, -99.00,-99.000, -99.00,-99.000, -99.00,-99.000, -99.00,-99.000, -99.00,-99.000, -99.00,-99.000, -99.00,-99.000, -99.00,-99.000, -99.00,-99.000, -99.00,-99.000, -99.00,-99.000, -99.00,
7/31/2016 20:40:16, 11.9,207.9,  0.8,  1.2,  0.000, 25.93,  0.0,  0.0,-99.000, -99.00,-99.000, -99.00,-99.000, -99.00,-99.000, -99.00,-99.000, -99.00,-99.000, -99.00,-99.000, -99.00,-99.000, -99.00,-99.000, -99.00,-99.000, -99.00,-99.000, -99.00,-99.000, -99.00,-99.000, -99.00,-99.000, -99.00,-99.000, -99.00,
7/31/2016 20:40:17, 11.9,206.0,  1.1,  1.2,  0.000, 25.93,  0.0,  0.0,-99.000, -99.00,-99.000, -99.00,-99.000, -99.00,-99.000, -99.00,-99.000, -99.00,-99.000, -99.00,-99.000, -99.00,-99.000, -99.00,-99.000, -99.00,-99.000, -99.00,-99.000, -99.00,-99.000, -99.00,-99.000, -99.00,-99.000, -99.00,-99.000, -99.00,
7/31/2016 20:40:18, 11.9,278.7,  0.8, -1.2,  0.000, 25.93,  0.0,  0.0,-99.000, -99.00,-99.000, -99.00,-99.000, -99.00,-99.000, -99.00,-99.000, -99.00,-99.000, -99.00,-99.000, -99.00,-99.000, -99.00,-99.000, -99.00,-99.000, -99.00,-99.000, -99.00,-99.000, -99.00,-99.000, -99.00,-99.000, -99.00,-99.000, -99.00,
7/31/2016 20:40:19, 11.9,279.1, -0.3, -0.1,  0.000, 25.93,  0.0,  0.0,-99.000, -99.00,-99.000, -99.00,-99.000, -99.00,-99.000, -99.00,-99.000, -99.00,-99.000, -99.00,-99.000, -99.00,-99.000, -99.00,-99.000, -99.00,-99.000, -99.00,-99.000, -99.00,-99.000, -99.00,-99.000, -99.00,-99.000, -99.00,-99.000, -99.00,
7/31/2016 20:40:20, 11.9,280.6, -0.4, -0.7,  0.000, 25.93,  0.0,  0.0,-99.000, -99.00,-99.000, -99.00,-99.000, -99.00,-99.000, -99.00,-99.000, -99.00,-99.000, -99.00,-99.000, -99.00,-99.000, -99.00,-99.000, -99.00,-99.000, -99.00,-99.000, -99.00,-99.000, -99.00,-99.000, -99.00,-99.000, -99.00,-99.000, -99.00,
7/31/2016 20:40:21, 11.9,280.9, -0.4, -0.6,  0.000, 25.93,  0.0,  0.0,-99.000, -99.00,-99.000, -99.00,-99.000, -99.00,-99.000, -99.00,-99.000, -99.00,-99.000, -99.00,-99.000, -99.00,-99.000, -99.00,-99.000, -99.00,-99.000, -99.00,-99.000, -99.00,-99.000, -99.00,-99.000, -99.00,-99.000, -99.00,-99.000, -99.00,
7/31/2016 20:40:22, 11.9,281.3, -0.1, -0.8,  0.000, 25.93,  0.0,  0.0,-99.000, -99.00,-99.000, -99.00,-99.000, -99.00,-99.000, -99.00,-99.000, -99.00,-99.000, -99.00,-99.000, -99.00,-99.000, -99.00,-99.000, -99.00,-99.000, -99.00,-99.000, -99.00,-99.000, -99.00,-99.000, -99.00,-99.000, -99.00,-99.000, -99.00,
7/31/2016 20:40:23, 11.9,281.4, -0.2, -0.9,  0.000, 25.93,  0.0,  0.0,-99.000, -99.00,-99.000, -99.00,-99.000, -99.00,-99.000, -99.00,-99.000, -99.00,-99.000, -99.00,-99.000, -99.00,-99.000, -99.00,-99.000, -99.00,-99.000, -99.00,-99.000, -99.00,-99.000, -99.00,-99.000, -99.00,-99.000, -99.00,-99.000, -99.00,
7/31/2016 20:40:24, 11.9,282.4,  0.1, -1.1,  0.000, 25.93,  0.0,  0.0,-99.000, -99.00,-99.000, -99.00,-99.000, -99.00,-99.000, -99.00,-99.000, -99.00,-99.000, -99.00,-99.000, -99.00,-99.000, -99.00,-99.000, -99.00,-99.000, -99.00,-99.000, -99.00,-99.000, -99.00,-99.000, -99.00,-99.000, -99.00,-99.000, -99.00,
7/31/2016 20:40:25, 11.9,289.6, -0.7, -0.1,  0.000, 25.93,  0.0,  0.0,-99.000, -99.00,-99.000, -99.00,-99.000, -99.00,-99.000, -99.00,-99.000, -99.00,-99.000, -99.00,-99.000, -99.00,-99.000, -99.00,-99.000, -99.00,-99.000, -99.00,-99.000, -99.00,-99.000, -99.00,-99.000, -99.00,-99.000, -99.00,-99.000, -99.00,
7/31/2016 20:40:26, 11.9, 13.2,  0.2, -0.3,  0.000, 25.93,  0.0,  0.0,-99.000, -99.00,-99.000, -99.00,-99.000, -99.00,-99.000, -99.00,-99.000, -99.00,-99.000, -99.00,-99.000, -99.00,-99.000, -99.00,-99.000, -99.00,-99.000, -99.00,-99.000, -99.00,-99.000, -99.00,-99.000, -99.00,-99.000, -99.00,-99.000, -99.00,
7/31/2016 20:40:27, 11.9, 12.5,  2.7, -1.8,  0.000, 25.93,  0.0,  0.0,-99.000, -99.00,-99.000, -99.00,-99.000, -99.00,-99.000, -99.00,-99.000, -99.00,-99.000, -99.00,-99.000, -99.00,-99.000, -99.00,-99.000, -99.00,-99.000, -99.00,-99.000, -99.00,-99.000, -99.00,-99.000, -99.00,-99.000, -99.00,-99.000, -99.00,
7/31/2016 20:40:28, 11.9, 10.9,  3.6, -1.7,  0.000, 25.93,  0.0,  0.0,-99.000, -99.00,-99.000, -99.00,-99.000, -99.00,-99.000, -99.00,-99.000, -99.00,-99.000, -99.00,-99.000, -99.00,-99.000, -99.00,-99.000, -99.00,-99.000, -99.00,-99.000, -99.00,-99.000, -99.00,-99.000, -99.00,-99.000, -99.00,-99.000, -99.00,
7/31/2016 20:40:29, 11.9,  8.3,  3.1, -2.0,  0.000, 25.93,  0.0,  0.0,-99.000, -99.00,-99.000, -99.00,-99.000, -99.00,-99.000, -99.00,-99.000, -99.00,-99.000, -99.00,-99.000, -99.00,-99.000, -99.00,-99.000, -99.00,-99.000, -99.00,-99.000, -99.00,-99.000, -99.00,-99.000, -99.00,-99.000, -99.00,-99.000, -99.00,
7/31/2016 20:40:30, 11.9,  7.3,  4.5, -1.8,  0.000, 25.93,  0.0,  0.0,-99.000, -99.00,-99.000, -99.00,-99.000, -99.00,-99.000, -99.00,-99.000, -99.00,-99.000, -99.00,-99.000, -99.00,-99.000, -99.00,-99.000, -99.00,-99.000, -99.00,-99.000, -99.00,-99.000, -99.00,-99.000, -99.00,-99.000, -99.00,-99.000, -99.00,
7/31/2016 20:40:31, 11.9,  7.5,  4.2, -1.9,  0.000, 25.93,  0.0,  0.0,-99.000, -99.00,-99.000, -99.00,-99.000, -99.00,-99.000, -99.00,-99.000, -99.00,-99.000, -99.00,-99.000, -99.00,-99.000, -99.00,-99.000, -99.00,-99.000, -99.00,-99.000, -99.00,-99.000, -99.00,-99.000, -99.00,-99.000, -99.00,-99.000, -99.00,
7/31/2016 20:40:32, 11.9,  7.4,  4.0, -1.9,  0.000, 25.93,  0.0,  0.0,-99.000, -99.00,-99.000, -99.00,-99.000, -99.00,-99.000, -99.00,-99.000, -99.00,-99.000, -99.00,-99.000, -99.00,-99.000, -99.00,-99.000, -99.00,-99.000, -99.00,-99.000, -99.00,-99.000, -99.00,-99.000, -99.00,-99.000, -99.00,-99.000, -99.00,
7/31/2016 20:40:33, 11.9,  1.4,  3.3, -2.1,  0.000, 25.93,  0.0,  0.0,-99.000, -99.00,-99.000, -99.00,-99.000, -99.00,-99.000, -99.00,-99.000, -99.00,-99.000, -99.00,-99.000, -99.00,-99.000, -99.00,-99.000, -99.00,-99.000, -99.00,-99.000, -99.00,-99.000, -99.00,-99.000, -99.00,-99.000, -99.00,-99.000, -99.00,
7/31/2016 20:40:34, 11.9, 54.7, -1.9, 15.0,  0.000, 25.93,  0.0,  0.0,-99.000, -99.00,-99.000, -99.00,-99.000, -99.00,-99.000, -99.00,-99.000, -99.00,-99.000, -99.00,-99.000, -99.00,-99.000, -99.00,-99.000, -99.00,-99.000, -99.00,-99.000, -99.00,-99.000, -99.00,-99.000, -99.00,-99.000, -99.00,-99.000, -99.00,
7/31/2016 20:40:35, 11.9,117.3, -1.5, -1.1,  0.000, 25.93,  0.0,  0.0,-99.000, -99.00,-99.000, -99.00,-99.000, -99.00,-99.000, -99.00,-99.000, -99.00,-99.000, -99.00,-99.000, -99.00,-99.000, -99.00,-99.000, -99.00,-99.000, -99.00,-99.000, -99.00,-99.000, -99.00,-99.000, -99.00,-99.000, -99.00,-99.000, -99.00,
7/31/2016 20:40:36, 11.9,120.7, -2.0,  0.5,  0.000, 25.94,  0.0,  0.0,-99.000, -99.00,-99.000, -99.00,-99.000, -99.00,-99.000, -99.00,-99.000, -99.00,-99.000, -99.00,-99.000, -99.00,-99.000, -99.00,-99.000, -99.00,-99.000, -99.00,-99.000, -99.00,-99.000, -99.00,-99.000, -99.00,-99.000, -99.00,-99.000, -99.00,
7/31/2016 20:40:37, 11.9,123.7, -2.2,  0.3,  0.000, 25.94,  0.0,  0.0,-99.000, -99.00,-99.000, -99.00,-99.000, -99.00,-99.000, -99.00,-99.000, -99.00,-99.000, -99.00,-99.000, -99.00,-99.000, -99.00,-99.000, -99.00,-99.000, -99.00,-99.000, -99.00,-99.000, -99.00,-99.000, -99.00,-99.000, -99.00,-99.000, -99.00,
7/31/2016 20:40:38, 11.9,124.5, -2.3,  0.1,  0.000, 25.94,  0.0,  0.0,-99.000, -99.00,-99.000, -99.00,-99.000, -99.00,-99.000, -99.00,-99.000, -99.00,-99.000, -99.00,-99.000, -99.00,-99.000, -99.00,-99.000, -99.00,-99.000, -99.00,-99.000, -99.00,-99.000, -99.00,-99.000, -99.00,-99.000, -99.00,-99.000, -99.00,
7/31/2016 20:40:39, 11.9,124.2, -2.5, -0.2,  0.000, 25.94,  0.0,  0.0,-99.000, -99.00,-99.000, -99.00,-99.000, -99.00,-99.000, -99.00,-99.000, -99.00,-99.000, -99.00,-99.000, -99.00,-99.000, -99.00,-99.000, -99.00,-99.000, -99.00,-99.000, -99.00,-99.000, -99.00,-99.000, -99.00,-99.000, -99.00,-99.000, -99.00,
7/31/2016 20:40:40, 11.9,124.6, -1.4, -1.6,  0.000, 25.94,  0.0,  0.0,-99.000, -99.00,-99.000, -99.00,-99.000, -99.00,-99.000, -99.00,-99.000, -99.00,-99.000, -99.00,-99.000, -99.00,-99.000, -99.00,-99.000, -99.00,-99.000, -99.00,-99.000, -99.00,-99.000, -99.00,-99.000, -99.00,-99.000, -99.00,-99.000, -99.00,
7/31/2016 20:40:41, 11.9,170.4,  0.2, -1.4,  0.000, 25.94,  0.0,  0.0,-99.000, -99.00,-99.000, -99.00,-99.000, -99.00,-99.000, -99.00,-99.000, -99.00,-99.000, -99.00,-99.000, -99.00,-99.000, -99.00,-99.000, -99.00,-99.000, -99.00,-99.000, -99.00,-99.000, -99.00,-99.000, -99.00,-99.000, -99.00,-99.000, -99.00,
7/31/2016 20:40:42, 11.9,182.5,  0.3, -6.1,  0.000, 25.94,  0.0,  0.0,-99.000, -99.00,-99.000, -99.00,-99.000, -99.00,-99.000, -99.00,-99.000, -99.00,-99.000, -99.00,-99.000, -99.00,-99.000, -99.00,-99.000, -99.00,-99.000, -99.00,-99.000, -99.00,-99.000, -99.00,-99.000, -99.00,-99.000, -99.00,-99.000, -99.00,
7/31/2016 20:40:43, 11.9,178.9, -2.0, -3.6,  0.000, 25.94,  0.0,  0.0,-99.000, -99.00,-99.000, -99.00,-99.000, -99.00,-99.000, -99.00,-99.000, -99.00,-99.000, -99.00,-99.000, -99.00,-99.000, -99.00,-99.000, -99.00,-99.000, -99.00,-99.000, -99.00,-99.000, -99.00,-99.000, -99.00,-99.000, -99.00,-99.000, -99.00,
7/31/2016 20:40:44, 11.9,173.6, -2.1, -3.3,  0.000, 25.94,  0.0,  0.0,-99.000, -99.00,-99.000, -99.00,-99.000, -99.00,-99.000, -99.00,-99.000, -99.00,-99.000, -99.00,-99.000, -99.00,-99.000, -99.00,-99.000, -99.00,-99.000, -99.00,-99.000, -99.00,-99.000, -99.00,-99.000, -99.00,-99.000, -99.00,-99.000, -99.00,
7/31/2016 20:40:45, 11.9,178.1, -1.2, -5.5,  0.000, 25.94,  0.0,  0.0,-99.000, -99.00,-99.000, -99.00,-99.000, -99.00,-99.000, -99.00,-99.000, -99.00,-99.000, -99.00,-99.000, -99.00,-99.000, -99.00,-99.000, -99.00,-99.000, -99.00,-99.000, -99.00,-99.000, -99.00,-99.000, -99.00,-99.000, -99.00,-99.000, -99.00,
7/31/2016 20:40:46, 11.9,246.7, 10.7, -5.1,  0.000, 25.94,  0.0,  0.0,-99.000, -99.00,-99.000, -99.00,-99.000, -99.00,-99.000, -99.00,-99.000, -99.00,-99.000, -99.00,-99.000, -99.00,-99.000, -99.00,-99.000, -99.00,-99.000, -99.00,-99.000, -99.00,-99.000, -99.00,-99.000, -99.00,-99.000, -99.00,-99.000, -99.00,
7/31/2016 20:40:47, 11.9,249.2,  9.6, -4.9,  0.000, 25.94,  0.0,  0.0,-99.000, -99.00,-99.000, -99.00,-99.000, -99.00,-99.000, -99.00,-99.000, -99.00,-99.000, -99.00,-99.000, -99.00,-99.000, -99.00,-99.000, -99.00,-99.000, -99.00,-99.000, -99.00,-99.000, -99.00,-99.000, -99.00,-99.000, -99.00,-99.000, -99.00,
7/31/2016 20:40:48, 11.9,248.4,  7.8, -4.7,  0.000, 25.94,  0.0,  0.0,-99.000, -99.00,-99.000, -99.00,-99.000, -99.00,-99.000, -99.00,-99.000, -99.00,-99.000, -99.00,-99.000, -99.00,-99.000, -99.00,-99.000, -99.00,-99.000, -99.00,-99.000, -99.00,-99.000, -99.00,-99.000, -99.00,-99.000, -99.00,-99.000, -99.00,
7/31/2016 20:40:49, 11.9,263.5,  7.4, -2.7,  0.000, 25.94,  0.0,  0.0,-99.000, -99.00,-99.000, -99.00,-99.000, -99.00,-99.000, -99.00,-99.000, -99.00,-99.000, -99.00,-99.000, -99.00,-99.000, -99.00,-99.000, -99.00,-99.000, -99.00,-99.000, -99.00,-99.000, -99.00,-99.000, -99.00,-99.000, -99.00,-99.000, -99.00,
7/31/2016 20:40:50, 11.9,317.6,  7.6,  6.3,  0.000, 25.94,  0.0,  0.0,-99.000, -99.00,-99.000, -99.00,-99.000, -99.00,-99.000, -99.00,-99.000, -99.00,-99.000, -99.00,-99.000, -99.00,-99.000, -99.00,-99.000, -99.00,-99.000, -99.00,-99.000, -99.00,-99.000, -99.00,-99.000, -99.00,-99.000, -99.00,-99.000, -99.00,
7/31/2016 20:40:51, 11.9,313.3,  7.8,  2.3,  0.000, 25.94,  0.0,  0.0,-99.000, -99.00,-99.000, -99.00,-99.000, -99.00,-99.000, -99.00,-99.000, -99.00,-99.000, -99.00,-99.000, -99.00,-99.000, -99.00,-99.000, -99.00,-99.000, -99.00,-99.000, -99.00,-99.000, -99.00,-99.000, -99.00,-99.000, -99.00,-99.000, -99.00,
7/31/2016 20:40:52, 11.9,314.1,  8.6,  1.8,  0.000, 25.94,  0.0,  0.0,-99.000, -99.00,-99.000, -99.00,-99.000, -99.00,-99.000, -99.00,-99.000, -99.00,-99.000, -99.00,-99.000, -99.00,-99.000, -99.00,-99.000, -99.00,-99.000, -99.00,-99.000, -99.00,-99.000, -99.00,-99.000, -99.00,-99.000, -99.00,-99.000, -99.00,
7/31/2016 20:40:53, 11.9,313.6, 10.1,  4.2,  0.000, 25.95,  0.0,  0.0,-99.000, -99.00,-99.000, -99.00,-99.000, -99.00,-99.000, -99.00,-99.000, -99.00,-99.000, -99.00,-99.000, -99.00,-99.000, -99.00,-99.000, -99.00,-99.000, -99.00,-99.000, -99.00,-99.000, -99.00,-99.000, -99.00,-99.000, -99.00,-99.000, -99.00,
7/31/2016 20:40:54, 11.9,304.7, 15.2,  1.7,  0.000, 25.95,  0.0,  0.0,-99.000, -99.00,-99.000, -99.00,-99.000, -99.00,-99.000, -99.00,-99.000, -99.00,-99.000, -99.00,-99.000, -99.00,-99.000, -99.00,-99.000, -99.00,-99.000, -99.00,-99.000, -99.00,-99.000, -99.00,-99.000, -99.00,-99.000, -99.00,-99.000, -99.00,
7/31/2016 20:40:55, 11.9,299.3, 15.9, -0.8,  0.000, 25.95,  0.0,  0.0,-99.000, -99.00,-99.000, -99.00,-99.000, -99.00,-99.000, -99.00,-99.000, -99.00,-99.000, -99.00,-99.000, -99.00,-99.000, -99.00,-99.000, -99.00,-99.000, -99.00,-99.000, -99.00,-99.000, -99.00,-99.000, -99.00,-99.000, -99.00,-99.000, -99.00,
7/31/2016 20:40:56, 11.9,312.3, 10.5, 11.1,  0.000, 25.95,  0.0,  0.0,-99.000, -99.00,-99.000, -99.00,-99.000, -99.00,-99.000, -99.00,-99.000, -99.00,-99.000, -99.00,-99.000, -99.00,-99.000, -99.00,-99.000, -99.00,-99.000, -99.00,-99.000, -99.00,-99.000, -99.00,-99.000, -99.00,-99.000, -99.00,-99.000, -99.00,
7/31/2016 20:40:57, 11.9,252.7,-42.2, 55.2,  0.000, 25.95,  0.0,  0.0,-99.000, -99.00,-99.000, -99.00,-99.000, -99.00,-99.000, -99.00,-99.000, -99.00,-99.000, -99.00,-99.000, -99.00,-99.000, -99.00,-99.000, -99.00,-99.000, -99.00,-99.000, -99.00,-99.000, -99.00,-99.000, -99.00,-99.000, -99.00,-99.000, -99.00,
7/31/2016 20:40:58, 11.9,199.3,-53.1,-57.2,  0.000, 25.95,  0.0,  0.0,-99.000, -99.00,-99.000, -99.00,-99.000, -99.00,-99.000, -99.00,-99.000, -99.00,-99.000, -99.00,-99.000, -99.00,-99.000, -99.00,-99.000, -99.00,-99.000, -99.00,-99.000, -99.00,-99.000, -99.00,-99.000, -99.00,-99.000, -99.00,-99.000, -99.00,
7/31/2016 20:40:59, 11.9,169.1,-53.1,-57.2,  0.000, 25.95,  0.0,  0.0,-99.000, -99.00,-99.000, -99.00,-99.000, -99.00,-99.000, -99.00,-99.000, -99.00,-99.000, -99.00,-99.000, -99.00,-99.000, -99.00,-99.000, -99.00,-99.000, -99.00,-99.000, -99.00,-99.000, -99.00,-99.000, -99.00,-99.000, -99.00,-99.000, -99.00,
7/31/2016 20:41:00, 11.9,285.4,-56.1, 55.7,  0.000, 25.95,  0.0,  0.0,-99.000, -99.00,-99.000, -99.00,-99.000, -99.00,-99.000, -99.00,-99.000, -99.00,-99.000, -99.00,-99.000, -99.00,-99.000, -99.00,-99.000, -99.00,-99.000, -99.00,-99.000, -99.00,-99.000, -99.00,-99.000, -99.00,-99.000, -99.00,-99.000, -99.00,
7/31/2016 20:41:01, 11.9,305.3,-53.1,-57.2,  0.000, 25.95,  0.0,  0.0,-99.000, -99.00,-99.000, -99.00,-99.000, -99.00,-99.000, -99.00,-99.000, -99.00,-99.000, -99.00,-99.000, -99.00,-99.000, -99.00,-99.000, -99.00,-99.000, -99.00,-99.000, -99.00,-99.000, -99.00,-99.000, -99.00,-99.000, -99.00,-99.000, -99.00,
7/31/2016 20:41:02, 11.9,296.5,-53.0,-57.2,  0.000, 25.95,  0.0,  0.0,-99.000, -99.00,-99.000, -99.00,-99.000, -99.00,-99.000, -99.00,-99.000, -99.00,-99.000, -99.00,-99.000, -99.00,-99.000, -99.00,-99.000, -99.00,-99.000, -99.00,-99.000, -99.00,-99.000, -99.00,-99.000, -99.00,-99.000, -99.00,-99.000, -99.00,
7/31/2016 20:41:03, 11.9,314.4,-53.1,-57.0,  0.000, 25.95,  0.0,  0.0,-99.000, -99.00,-99.000, -99.00,-99.000, -99.00,-99.000, -99.00,-99.000, -99.00,-99.000, -99.00,-99.000, -99.00,-99.000, -99.00,-99.000, -99.00,-99.000, -99.00,-99.000, -99.00,-99.000, -99.00,-99.000, -99.00,-99.000, -99.00,-99.000, -99.00,
7/31/2016 20:41:04, 11.9,307.5,-53.0,-56.3,  0.000, 25.95,  0.0,  0.0,-99.000, -99.00,-99.000, -99.00,-99.000, -99.00,-99.000, -99.00,-99.000, -99.00,-99.000, -99.00,-99.000, -99.00,-99.000, -99.00,-99.000, -99.00,-99.000, -99.00,-99.000, -99.00,-99.000, -99.00,-99.000, -99.00,-99.000, -99.00,-99.000, -99.00,
7/31/2016 20:41:05, 11.9,308.1,-53.0,-56.2,  0.000, 25.95,  0.0,  0.0,-99.000, -99.00,-99.000, -99.00,-99.000, -99.00,-99.000, -99.00,-99.000, -99.00,-99.000, -99.00,-99.000, -99.00,-99.000, -99.00,-99.000, -99.00,-99.000, -99.00,-99.000, -99.00,-99.000, -99.00,-99.000, -99.00,-99.000, -99.00,-99.000, -99.00,
7/31/2016 20:41:06, 11.9,294.3,-53.0,-57.2,  0.000, 25.95,  0.0,  0.0,-99.000, -99.00,-99.000, -99.00,-99.000, -99.00,-99.000, -99.00,-99.000, -99.00,-99.000, -99.00,-99.000, -99.00,-99.000, -99.00,-99.000, -99.00,-99.000, -99.00,-99.000, -99.00,-99.000, -99.00,-99.000, -99.00,-99.000, -99.00,-99.000, -99.00,
7/31/2016 20:41:07, 11.9,238.2,-53.0,-57.3,  0.000, 25.95,  0.0,  0.0,-99.000, -99.00,-99.000, -99.00,-99.000, -99.00,-99.000, -99.00,-99.000, -99.00,-99.000, -99.00,-99.000, -99.00,-99.000, -99.00,-99.000, -99.00,-99.000, -99.00,-99.000, -99.00,-99.000, -99.00,-99.000, -99.00,-99.000, -99.00,-99.000, -99.00,
7/31/2016 20:41:08, 11.9,257.6,-53.0,-57.3,  0.000, 25.95,  0.0,  0.0,-99.000, -99.00,-99.000, -99.00,-99.000, -99.00,-99.000, -99.00,-99.000, -99.00,-99.000, -99.00,-99.000, -99.00,-99.000, -99.00,-99.000, -99.00,-99.000, -99.00,-99.000, -99.00,-99.000, -99.00,-99.000, -99.00,-99.000, -99.00,-99.000, -99.00,
7/31/2016 20:41:08, 11.9,257.6,-53.0,-57.3,  0.000, 25.95,  0.0,  0.0,-99.000, -99.00,-99.000, -99.00,-99.000, -99.00,-99.000, -99.00,-99.000, -99.00,-99.000, -99.00,-99.000, -99.00,-99.000, -99.00,-99.000, -99.00,-99.000, -99.00,-99.000, -99.00,-99.000, -99.00,-99.000, -99.00,-99.000, -99.00,-99.000, -99.00,
